"OBJECT_ID","EIN","NAME","TAXYR","FORMTYPE","URL","SO_00_FORM_LINE_REFERENCE","SO_00_EXPLANATION_TEXT"
"https://nccs-efile.s3.us-east-1.amazonaws.com/xml/201903589349300100","411744184","CATHOLIC COMMUNITY FOUNDATION","2018","990","https://nccs-efile.s3.us-east-1.amazonaws.com/xml/201903589349300100_public.xml","FORM 990, PART VI, SECTION A, LINE 1","THE EXECUTIVE COMMITTEE INCLUDES THE VICE CHAIRPERSON OF THE BOARD OF DIRECTORS AND ONE OR MORE OTHER DIRECTORS WITH VOTING RIGHTS APPOINTED BY THE BOARD OF DIRECTORS. EXCEPT AS OTHERWISE LIMITED BY THE BOARD OF DIRECTORS FROM TIME TO TIME, THE EXECUTIVE COMMITTEE SHALL HAVE ALL THE POWERS AND AUTHORITY OF THE BOARD OF DIRECTORS OF THIS FOUNDATION DURING THE INTERVALS BETWEEN MEETINGS OF THE BOARD OF DIRECTORS, SUBJECT ALWAYS TO THE DIRECTION AND CONTROL OF THE BOARD OF DIRECTORS."
"https://nccs-efile.s3.us-east-1.amazonaws.com/xml/201903589349300100","411744184","CATHOLIC COMMUNITY FOUNDATION","2018","990","https://nccs-efile.s3.us-east-1.amazonaws.com/xml/201903589349300100_public.xml","FORM 990, PART VI, SECTION B, LINE 11B","THE FORM 990 WAS PREPARED BY AN INDEPENDENT ACCOUNTING FIRM AND REVIEWED BY STAFF AND THE FINANCE COMMITTEE. AFTER REVIEW, THE FINANCE COMMITTEE RECOMMENDED THE FORM 990 FOR APPROVAL TO THE FULL BOARD OF DIRECTORS. THE BOARD OF DIRECTORS APPROVED THE FORM 990 PRIOR TO FILING WITH THE IRS."
"https://nccs-efile.s3.us-east-1.amazonaws.com/xml/201903589349300100","411744184","CATHOLIC COMMUNITY FOUNDATION","2018","990","https://nccs-efile.s3.us-east-1.amazonaws.com/xml/201903589349300100_public.xml","FORM 990, PART VI, SECTION B, LINE 12C","EACH INDIVIDUAL COVERED BY THE ORGANIZATION'S CONFLICT OF INTEREST POLICY IS REQUIRED TO COMPLETE AN ANNUAL DISCLOSURE FORM IDENTIFYING RELATIONSHIPS, POSITIONS OR CIRCUMSTANCES THEY ARE INVOLVED IN THAT MIGHT GIVE RISE TO A CONFLICT OF INTEREST. THE POLICY IS REVIEWED BY THE BOARD OF DIRECTORS ONCE EVERY THREE YEARS OR MORE FREQUENTLY IF NEEDED. ANY CHANGES IN THE POLICY WILL BE COMMUNICATED IMMEDIATELY TO ALL RESPONSIBLE PEOPLE. IF AN INDIVIDUAL HAS A POTENTIAL CONFLICT, THE RELATIONSHIP AND MATERIAL FACTS ARE DISCLOSED TO THE BOARD OR COMMITTEE FOR DETERMINATION. CONFLICTED INDIVIDUALS MAY NOT PARTICIPATE IN ANY DISCUSSION OR VOTE ON THE TRANSACTION AND ARE NOT COUNTED FOR DETERMINING THE PRESENCE OF A QUORUM. ALL PROCEEDINGS RELATED TO CONFLICTS OF INTEREST ARE NOTED IN THE MEETING MINUTES. COVERED INDIVIDUALS THAT ARE NOT MEMBERS OF THE BOARD OF DIRECTORS OR A COMMITTEE THEREOF WHO HAVE A POTENTIAL CONFLICT OF INTEREST WITH RESPECT TO A CONTRACT OR TRANSACTION ARE REQUIRED TO DISCLOSE THE CONFLICT TO THE BOARD CHAIR OR THE CHAIR'S DESIGNEE WHO WILL DETERMINE IF A CONFLICT EXISTS. THE CONFLICTED INDIVIDUAL IS REQUIRED TO REFRAIN FROM ANY ACTION THAT MAY AFFECT THE ORGANIZATION'S PARTICIPATION IN THE CONTRACT OR TRANSACTION."
"https://nccs-efile.s3.us-east-1.amazonaws.com/xml/201903589349300100","411744184","CATHOLIC COMMUNITY FOUNDATION","2018","990","https://nccs-efile.s3.us-east-1.amazonaws.com/xml/201903589349300100_public.xml","FORM 990, PART VI, SECTION B, LINE 15","FOR THE PRESIDENT OF THE ORGANIZATION, THE EXECUTIVE COMMITTEE DETERMINES COMPENSATION UTILIZING COMPARABILITY DATA. THIS PROCESS IS UNDERTAKEN ANNUALLY. THIS PROCESS WAS LAST UNDERTAKEN DURING FISCAL YEAR 2019 FOR THE CURRENT PRESIDENT, ANNE CULLEN MILLER. FOR OTHER OFFICERS, THE PRESIDENT OF CATHOLIC COMMUNITY FOUNDATION REVIEWS COMPARABILITY DATA WHEN DETERMINING COMPENSATION LEVELS. THE PRESIDENT THEN REPORTS THE RESULTS OF THIS PROCESS TO THE BOARD OF DIRECTORS. ALL OF THE SALARY AND BENEFIT LEVELS ARE APPROVED WITHIN THE BUDGETARY PROCESS WITH THE BUDGET BEING APPROVED BY THE BOARD OF DIRECTORS. THIS PROCESS WAS LAST UNDERTAKEN DURING FISCAL YEAR 2019 FOR STAFF AS A PART OF THE BUDGETARY PROCESS."
"https://nccs-efile.s3.us-east-1.amazonaws.com/xml/201903589349300100","411744184","CATHOLIC COMMUNITY FOUNDATION","2018","990","https://nccs-efile.s3.us-east-1.amazonaws.com/xml/201903589349300100_public.xml","FORM 990, PART VI, SECTION C, LINE 19","THE FOUNDATION'S GOVERNING DOCUMENTS AND CONFLICT OF INTEREST POLICY ARE AVAILABLE UPON REQUEST. THE FINANCIAL STATEMENTS ARE AVAILABLE ON THE FOUNDATION'S WEBSITE."
"https://nccs-efile.s3.us-east-1.amazonaws.com/xml/201903589349300100","411744184","CATHOLIC COMMUNITY FOUNDATION","2018","990","https://nccs-efile.s3.us-east-1.amazonaws.com/xml/201903589349300100_public.xml","FORM 990, PART XI, LINE 9:","LOSS IN VALUE OF SPLIT-INTEREST AGREEMENTS -105,128. NET INVESTMENT INCOME FROM AGENCY AND BENEFICIAL ENDOWMENTS -9,706,768. EXCESS CONTRIBUTIONS OVER GRANTS, BENEFICIAL ENDOWMENTS HELD FOR OTHERS -3,935,096."
"https://nccs-efile.s3.us-east-1.amazonaws.com/xml/201933189349313648","473301431","Empower Youth","2018","990","https://nccs-efile.s3.us-east-1.amazonaws.com/xml/201933189349313648_public.xml","Form 990 governing body review Part VI line 11","The director reviews and signs the 990"
"https://nccs-efile.s3.us-east-1.amazonaws.com/xml/201933189349313648","473301431","Empower Youth","2018","990","https://nccs-efile.s3.us-east-1.amazonaws.com/xml/201933189349313648_public.xml","Governing documents etc available to public Part VI line 19","The public can contact the office and view the documents"
"https://nccs-efile.s3.us-east-1.amazonaws.com/xml/202040589349301409","370903260","Fraternal Order of Eagles # 3329","2018","990","https://nccs-efile.s3.us-east-1.amazonaws.com/xml/202040589349301409_public.xml","Form 990, Part VI, Section A, line 7a","Members elect the Board of Directors on an annual basis."
"https://nccs-efile.s3.us-east-1.amazonaws.com/xml/202040589349301409","370903260","Fraternal Order of Eagles # 3329","2018","990","https://nccs-efile.s3.us-east-1.amazonaws.com/xml/202040589349301409_public.xml","Form 990, Part VI, Section B, line 11b","The Form 990 is made available upon request from the members."
"https://nccs-efile.s3.us-east-1.amazonaws.com/xml/202040589349301409","370903260","Fraternal Order of Eagles # 3329","2018","990","https://nccs-efile.s3.us-east-1.amazonaws.com/xml/202040589349301409_public.xml","Form 990, Part VI, Section C, line 19","All information is available upon request of one of the officers."
"https://nccs-efile.s3.us-east-1.amazonaws.com/xml/201933199349305608","204984694","OXFORD CIRCLE CHRISTIAN COMMUNITY","2018","990","https://nccs-efile.s3.us-east-1.amazonaws.com/xml/201933199349305608_public.xml","FORM 990, PAGE 2, PART III, LINE 2","THE ORGANIZATION OPENED A THRIFT STORE IN 2018 IN ORDER TO PROVIDE EMPLOYMENT TO THOSE WHO NEED A JOB."
"https://nccs-efile.s3.us-east-1.amazonaws.com/xml/201933199349305608","204984694","OXFORD CIRCLE CHRISTIAN COMMUNITY","2018","990","https://nccs-efile.s3.us-east-1.amazonaws.com/xml/201933199349305608_public.xml","FORM 990, PAGE 6, PART VI, LINE 11B","THE 990 IS REVIEWED BY THE EXECUTIVE DIRECTOR, PEARL AND FINANCE DIRECTOR, DANIELLE AND PROVIDED TO THE BOARD OF DIRECTORS FOR REVIEW BEFORE THE RETURN IS SUBMITTED."
"https://nccs-efile.s3.us-east-1.amazonaws.com/xml/201933199349305608","204984694","OXFORD CIRCLE CHRISTIAN COMMUNITY","2018","990","https://nccs-efile.s3.us-east-1.amazonaws.com/xml/201933199349305608_public.xml","FORM 990, PAGE 6, PART VI, LINE 12C","AS PART OF THE SIGNED BOARD APPLICATION, THE BOARD MEMBER IS ASKED TO DISCLOSE IF CONFLICTS EXIST OR OCCUR. THESE CONDITIONS ARE REVIEWED ON AN ANNUAL BASIS."
"https://nccs-efile.s3.us-east-1.amazonaws.com/xml/201933199349305608","204984694","OXFORD CIRCLE CHRISTIAN COMMUNITY","2018","990","https://nccs-efile.s3.us-east-1.amazonaws.com/xml/201933199349305608_public.xml","FORM 990, PAGE 6, PART VI, LINE 15A","COMPENSATION REVIEWED AND APPROVED BY BOARD AS PART OF ANNUAL BUDGET APPROVAL"
"https://nccs-efile.s3.us-east-1.amazonaws.com/xml/201933199349305608","204984694","OXFORD CIRCLE CHRISTIAN COMMUNITY","2018","990","https://nccs-efile.s3.us-east-1.amazonaws.com/xml/201933199349305608_public.xml","FORM 990, PAGE 6, PART VI, LINE 15B","COMPENSATION REVIEWED AND APPROVED BY BOARD AS PART OF ANNUAL BUDGET APPROVAL"
"https://nccs-efile.s3.us-east-1.amazonaws.com/xml/201933199349305608","204984694","OXFORD CIRCLE CHRISTIAN COMMUNITY","2018","990","https://nccs-efile.s3.us-east-1.amazonaws.com/xml/201933199349305608_public.xml","FORM 990, PAGE 6, PART VI, LINE 19","DOCUMENTS ARE KEPT AT THE COMPANY OFFICE AND ARE AVAILABLE UPON REQUEST."
"https://nccs-efile.s3.us-east-1.amazonaws.com/xml/201933199349305608","204984694","OXFORD CIRCLE CHRISTIAN COMMUNITY","2018","990","https://nccs-efile.s3.us-east-1.amazonaws.com/xml/201933199349305608_public.xml","FORM 990, PART XI, LINE 9","DIRECT FUNDRAISING EXPENSES 813 COST OF GOODS SOLD 15,934 FUNDRAISING EXPENSES -813 COST OF GOODS SOLD -15,934"
"https://nccs-efile.s3.us-east-1.amazonaws.com/xml/201933199349305608","204984694","OXFORD CIRCLE CHRISTIAN COMMUNITY","2018","990","https://nccs-efile.s3.us-east-1.amazonaws.com/xml/201933199349305608_public.xml","FORM 990, PART XII","FINANCIAL STATEMENTS ARE REVIEWED BY THE EXECUTIVE COMMITTEE AND PRESENTED TO THE BOARD."
"https://nccs-efile.s3.us-east-1.amazonaws.com/xml/201943199349205749","460563745","BRUNSWICK PRODUCTIONS INC","2018","990EZ","https://nccs-efile.s3.us-east-1.amazonaws.com/xml/201943199349205749_public.xml","Description of other revenue Part I line 8","Description AmountBWC REFUND 103PRIOR AR ADJUSTEMNT 1,652"
"https://nccs-efile.s3.us-east-1.amazonaws.com/xml/201943199349205749","460563745","BRUNSWICK PRODUCTIONS INC","2018","990EZ","https://nccs-efile.s3.us-east-1.amazonaws.com/xml/201943199349205749_public.xml","List of grants and similar amounts paid Part I line 10","Activity NON PROFIT DONATIONS Grantee 3 RECIPIENTS TOTAL Street BRUNSWICK City, State, Zip Brunswick, OH 44212Relationship NONE"
"https://nccs-efile.s3.us-east-1.amazonaws.com/xml/201943199349205749","460563745","BRUNSWICK PRODUCTIONS INC","2018","990EZ","https://nccs-efile.s3.us-east-1.amazonaws.com/xml/201943199349205749_public.xml","Description of other expenses Part I line 16","Description AmountINSURANCE 7,296BANK FEES 742BWC INSURANCE 120PAYROLL TAXES 479DONATIONS MADE 350OUTSIDE SERVICES 15,262FIREWORKS 21,000FESTIVAL EXPENSES 33,308OFFICE EXPENSE 1,465"
"https://nccs-efile.s3.us-east-1.amazonaws.com/xml/201943199349205749","460563745","BRUNSWICK PRODUCTIONS INC","2018","990EZ","https://nccs-efile.s3.us-east-1.amazonaws.com/xml/201943199349205749_public.xml","Description of other assets Part II line 24","Category Beginning of Year End of YearFIXTURES LESS DEPRECIATION 14,413 14,413ACCOUNTS RECEIVABLE 130 0"
"https://nccs-efile.s3.us-east-1.amazonaws.com/xml/201943199349205749","460563745","BRUNSWICK PRODUCTIONS INC","2018","990EZ","https://nccs-efile.s3.us-east-1.amazonaws.com/xml/201943199349205749_public.xml","Description of total liabilities Part II line 26","Category Beginning of Year End of YearACCOUNTS PAYABLE 0 115DEPOSITS 373 0CREDIT CARDS 0 25,747"
"https://nccs-efile.s3.us-east-1.amazonaws.com/xml/202020999349200812","592549349","VOLUSIA COUNTY CITIZENS DISPUTE","2018","990EZ","https://nccs-efile.s3.us-east-1.amazonaws.com/xml/202020999349200812_public.xml","FORM 990-EZ, PART I, LINE 4 - OTHER INVESTMENT INCOME","DESCRIPTION: INTEREST INCOME. AMOUNT: 227."
"https://nccs-efile.s3.us-east-1.amazonaws.com/xml/202020999349200812","592549349","VOLUSIA COUNTY CITIZENS DISPUTE","2018","990EZ","https://nccs-efile.s3.us-east-1.amazonaws.com/xml/202020999349200812_public.xml","FORM 990-EZ, PART I, LINE 16 - OTHER EXPENSES","DESCRIPTION: OFFICE EXPENSE. AMOUNT: 9,672. DESCRIPTION: PAYROLL TAXES. AMOUNT: 5,736. DESCRIPTION: CONFERENCES, MEETINGS & TRAINING EVENTS. AMOUNT: 13,093. DESCRIPTION: MISCELLANEOUS EXPENSE. AMOUNT: 1,265. DESCRIPTION: ADVERTISING EXPENSE. AMOUNT: 315. DESCRIPTION: INSURANCE EXPENSE. AMOUNT: 1,127. TOTAL TO FORM 990-EZ, LINE 16: 31,208."
"https://nccs-efile.s3.us-east-1.amazonaws.com/xml/202020999349200812","592549349","VOLUSIA COUNTY CITIZENS DISPUTE","2018","990EZ","https://nccs-efile.s3.us-east-1.amazonaws.com/xml/202020999349200812_public.xml","FORM 990-EZ, PART II, LINE 24 - OTHER ASSETS","DESCRIPTION: OTHER DEPRECIABLE ASSETS. BEG. OF YEAR AMOUNT: 652. END OF YEAR AMOUNT: 652."
"https://nccs-efile.s3.us-east-1.amazonaws.com/xml/201900689349300420","522036309","NATIONAL TAX LIEN ASSOCIATION INC","2018","990","https://nccs-efile.s3.us-east-1.amazonaws.com/xml/201900689349300420_public.xml","Members or stockholder classes and rights Part VI line 6","There are 13 elected members on the board that serve 3 year terms."
"https://nccs-efile.s3.us-east-1.amazonaws.com/xml/201900689349300420","522036309","NATIONAL TAX LIEN ASSOCIATION INC","2018","990","https://nccs-efile.s3.us-east-1.amazonaws.com/xml/201900689349300420_public.xml","Form 990 governing body review Part VI line 11","REVIEW WILL BE CONDUCTED BY ONE OF THE 2019 BOARD MEMBERS"
"https://nccs-efile.s3.us-east-1.amazonaws.com/xml/201900689349300420","522036309","NATIONAL TAX LIEN ASSOCIATION INC","2018","990","https://nccs-efile.s3.us-east-1.amazonaws.com/xml/201900689349300420_public.xml","Governing documents etc available to public Part VI line 19","NO DOCUMENTS AVAILABLE TO THE PUBLIC"
"https://nccs-efile.s3.us-east-1.amazonaws.com/xml/201900689349300420","522036309","NATIONAL TAX LIEN ASSOCIATION INC","2018","990","https://nccs-efile.s3.us-east-1.amazonaws.com/xml/201900689349300420_public.xml","List of other expenses Part IX line 24e","DEFERRED BONUS COMPENSATION 50,000WEB PAGE 12,781UTILITIES 2,272POSTAGE 720PROFESSIONAL DEVELOPMENT 750PUBLIC RELATIONS 1,500REPAIRS 665LEXIS NEXIS 2,533LEGISLATIVE 25,421TAX LIEN UNIVERSITY 2,111DONATION 20,650GIFTS 70MOVING 481NTLA FOUNDATION 2,660OFFICE BUILDOUT 576OFFICE EQUIPMENT 1,637TOTAL 124,827"
"https://nccs-efile.s3.us-east-1.amazonaws.com/xml/201941359349310184","366132852","Belvidere Youth Baseball","2018","990","https://nccs-efile.s3.us-east-1.amazonaws.com/xml/201941359349310184_public.xml","Pt VI, Line 19","No documents available to the public"
"https://nccs-efile.s3.us-east-1.amazonaws.com/xml/201941359349310184","366132852","Belvidere Youth Baseball","2018","990","https://nccs-efile.s3.us-east-1.amazonaws.com/xml/201941359349310184_public.xml","Pt VI, Line 11b","Form 990 is reviewed by the signing officer before filing"
"https://nccs-efile.s3.us-east-1.amazonaws.com/xml/201941359349310184","366132852","Belvidere Youth Baseball","2018","990","https://nccs-efile.s3.us-east-1.amazonaws.com/xml/201941359349310184_public.xml","Form 990, Part IX, Line 24e","Building & Grounds Maintenance 10657. 10657. 0. 0."
"https://nccs-efile.s3.us-east-1.amazonaws.com/xml/201941359349310184","366132852","Belvidere Youth Baseball","2018","990","https://nccs-efile.s3.us-east-1.amazonaws.com/xml/201941359349310184_public.xml","Form 990, Part IX, Line 24e","Equipment - deminimis 3712. 3712. 0. 0."
"https://nccs-efile.s3.us-east-1.amazonaws.com/xml/201941359349310184","366132852","Belvidere Youth Baseball","2018","990","https://nccs-efile.s3.us-east-1.amazonaws.com/xml/201941359349310184_public.xml","Form 990, Part IX, Line 24e","Umpires 9815. 9815. 0. 0."
"https://nccs-efile.s3.us-east-1.amazonaws.com/xml/201941359349310184","366132852","Belvidere Youth Baseball","2018","990","https://nccs-efile.s3.us-east-1.amazonaws.com/xml/201941359349310184_public.xml","Form 990, Part IX, Line 24e","League travel expenses 6035. 6035. 0. 0."
"https://nccs-efile.s3.us-east-1.amazonaws.com/xml/201941359349310184","366132852","Belvidere Youth Baseball","2018","990","https://nccs-efile.s3.us-east-1.amazonaws.com/xml/201941359349310184_public.xml","Form 990, Part IX, Line 24e","Dues & subscriptions 1886. 1886. 0. 0."
"https://nccs-efile.s3.us-east-1.amazonaws.com/xml/201941359349310184","366132852","Belvidere Youth Baseball","2018","990","https://nccs-efile.s3.us-east-1.amazonaws.com/xml/201941359349310184_public.xml","Form 990, Part IX, Line 24e","Software 94. 94. 0. 0."
"https://nccs-efile.s3.us-east-1.amazonaws.com/xml/201941359349310184","366132852","Belvidere Youth Baseball","2018","990","https://nccs-efile.s3.us-east-1.amazonaws.com/xml/201941359349310184_public.xml","Form 990, Part IX, Line 24e","Website costs 355. 355. 0. 0."
"https://nccs-efile.s3.us-east-1.amazonaws.com/xml/201941359349310184","366132852","Belvidere Youth Baseball","2018","990","https://nccs-efile.s3.us-east-1.amazonaws.com/xml/201941359349310184_public.xml","Form 990, Part IX, Line 24e","Tournament costs 1650. 1650. 0. 0."
"https://nccs-efile.s3.us-east-1.amazonaws.com/xml/201941359349310184","366132852","Belvidere Youth Baseball","2018","990","https://nccs-efile.s3.us-east-1.amazonaws.com/xml/201941359349310184_public.xml","Form 990, Part IX, Line 24e","Trophies/plaques 3327. 3327. 0. 0."
"https://nccs-efile.s3.us-east-1.amazonaws.com/xml/201941359349310184","366132852","Belvidere Youth Baseball","2018","990","https://nccs-efile.s3.us-east-1.amazonaws.com/xml/201941359349310184_public.xml","Form 990, Part IX, Line 24e","Paypal fees 1985. 1985. 0. 0."
"https://nccs-efile.s3.us-east-1.amazonaws.com/xml/201941359349310184","366132852","Belvidere Youth Baseball","2018","990","https://nccs-efile.s3.us-east-1.amazonaws.com/xml/201941359349310184_public.xml","Form 990, Part IX, Line 24e","Postage & box rental 160. 160. 0. 0."
"https://nccs-efile.s3.us-east-1.amazonaws.com/xml/201912709349200311","464007072","NATIONAL CHAMBER ENSEMBLE INC","2018","990EZ","https://nccs-efile.s3.us-east-1.amazonaws.com/xml/201912709349200311_public.xml","FORM 990-EZ, PART I, LINE 4 - OTHER INVESTMENT INCOME","DESCRIPTION: INTEREST. AMOUNT: 80."
"https://nccs-efile.s3.us-east-1.amazonaws.com/xml/201912709349200311","464007072","NATIONAL CHAMBER ENSEMBLE INC","2018","990EZ","https://nccs-efile.s3.us-east-1.amazonaws.com/xml/201912709349200311_public.xml","FORM 990-EZ, PART I, LINE 10 - GRANTS AND SIMILAR AMOUNTS PAID","ACTIVITY CLASSIFICATION: ESTABLISH COMMUNITY ENDOWMENT FUND. GRANTEE NAME: NANCY PEERY MARRIOTT FOUNDATION. GRANTEE ADDRESS: 10400 FERNWOOD ROAD DEPT 901-01 ROCKVILLE, MD 20817. DATE OF GIFT: 02/28/19. AMOUNT GIVEN: 15,000."
"https://nccs-efile.s3.us-east-1.amazonaws.com/xml/201912709349200311","464007072","NATIONAL CHAMBER ENSEMBLE INC","2018","990EZ","https://nccs-efile.s3.us-east-1.amazonaws.com/xml/201912709349200311_public.xml","FORM 990-EZ, PART I, LINE 10 - GRANTS AND SIMILAR AMOUNTS PAID","ACTIVITY CLASSIFICATION: ESTABLISH COMMUNITY ENDOWMENT FUND. GRANTEE NAME: ARLINGTON COMMUNITY FOUNDATION. GRANTEE ADDRESS: 818 N. QUINCY ST. SUITE 103 ARLINGTON, VA 22203. DATE OF GIFT: VARIOUS. AMOUNT GIVEN: 2,800. TOTAL INCLUDED ON FORM 990-EZ, LINE 10: 17,800."
"https://nccs-efile.s3.us-east-1.amazonaws.com/xml/201912709349200311","464007072","NATIONAL CHAMBER ENSEMBLE INC","2018","990EZ","https://nccs-efile.s3.us-east-1.amazonaws.com/xml/201912709349200311_public.xml","FORM 990-EZ, PART I, LINE 16 - OTHER EXPENSES","DESCRIPTION: ADVERTISING & PROMOTION. AMOUNT: 8,088. DESCRIPTION: LICENSES. AMOUNT: 1,959. DESCRIPTION: BANK FEES. AMOUNT: 196. DESCRIPTION: SPECIAL EVENTS. AMOUNT: 705. DESCRIPTION: FOOD & ENTERTAINMENT. AMOUNT: 420. DESCRIPTION: SUPPLIES. AMOUNT: 1,090. DESCRIPTION: REGISTRATION FEES. AMOUNT: 723. DESCRIPTION: WEBSITE EXPENSES. AMOUNT: 120. DESCRIPTION: INSURANCE. AMOUNT: 767. DESCRIPTION: YOUTH AWARD EXPENSES. AMOUNT: 488. DESCRIPTION: THEATER RENTAL. AMOUNT: 450. DESCRIPTION: PIANO RENTAL/TRANSPORTATION. AMOUNT: 2,100. TOTAL TO FORM 990-EZ, LINE 16: 17,106."
"https://nccs-efile.s3.us-east-1.amazonaws.com/xml/201931349349303623","753243566","INHERITANCE OF HOPE INC","2018","990","https://nccs-efile.s3.us-east-1.amazonaws.com/xml/201931349349303623_public.xml","FORM 990, PART VI, SECTION B, LINE 11B","THE BOARD OF DIRECTORS REVIEWS THE 990 BEFORE SUBMISSION TO THE IRS."
"https://nccs-efile.s3.us-east-1.amazonaws.com/xml/201931349349303623","753243566","INHERITANCE OF HOPE INC","2018","990","https://nccs-efile.s3.us-east-1.amazonaws.com/xml/201931349349303623_public.xml","FORM 990, PART VI, SECTION C, LINE 19","GOVERNING DOCUMENTS AND FINANCIAL STATEMENTS ARE AVAILABLE UPON WRITTEN REQUEST."
"https://nccs-efile.s3.us-east-1.amazonaws.com/xml/201932679349200113","521611547","MARYLAND STATE ATHLETIC DIRECTORS ASSOCIATION INC","2018","990EZ","https://nccs-efile.s3.us-east-1.amazonaws.com/xml/201932679349200113_public.xml","Form 990EZ, Part I, Line 16","PROGRAM EXPENSES 55109."
"https://nccs-efile.s3.us-east-1.amazonaws.com/xml/201932679349200113","521611547","MARYLAND STATE ATHLETIC DIRECTORS ASSOCIATION INC","2018","990EZ","https://nccs-efile.s3.us-east-1.amazonaws.com/xml/201932679349200113_public.xml","Form 990EZ, Part I, Line 16","MEMBERSHIP DUES PAID 12965."
"https://nccs-efile.s3.us-east-1.amazonaws.com/xml/201932679349200113","521611547","MARYLAND STATE ATHLETIC DIRECTORS ASSOCIATION INC","2018","990EZ","https://nccs-efile.s3.us-east-1.amazonaws.com/xml/201932679349200113_public.xml","Form 990EZ, Part I, Line 16","CONFERENCES/TRAVEL 9689."
"https://nccs-efile.s3.us-east-1.amazonaws.com/xml/201932679349200113","521611547","MARYLAND STATE ATHLETIC DIRECTORS ASSOCIATION INC","2018","990EZ","https://nccs-efile.s3.us-east-1.amazonaws.com/xml/201932679349200113_public.xml","Form 990EZ, Part I, Line 16","MEETING EXPENSE 1174."
"https://nccs-efile.s3.us-east-1.amazonaws.com/xml/201932679349200113","521611547","MARYLAND STATE ATHLETIC DIRECTORS ASSOCIATION INC","2018","990EZ","https://nccs-efile.s3.us-east-1.amazonaws.com/xml/201932679349200113_public.xml","Form 990EZ, Part I, Line 16","CONTRIBUTIONS 1350."
"https://nccs-efile.s3.us-east-1.amazonaws.com/xml/201932679349200113","521611547","MARYLAND STATE ATHLETIC DIRECTORS ASSOCIATION INC","2018","990EZ","https://nccs-efile.s3.us-east-1.amazonaws.com/xml/201932679349200113_public.xml","Form 990EZ, Part I, Line 16","GIFTS 311."
"https://nccs-efile.s3.us-east-1.amazonaws.com/xml/202041339349302084","161765073","USF HEALTH PROFESSIONS CONFERENCING","2018","990","https://nccs-efile.s3.us-east-1.amazonaws.com/xml/202041339349302084_public.xml","FORM 990, PART V, LINE 2A:","USF AND UMSA PROVIDE HUMAN RESOURCES AND PAYROLL PROCESSING SERVICES FOR THE EMPLOYMENT AND COMPENSATION OF EMPLOYEES ASSIGNED TO PROVIDE SERVICES IN SUPPORT OF HPCC. THE ARRANGEMENT IS SIMILAR TO THAT OF AN EMPLOYEE LEASING SERVICE. ALL PAYROLL RELATED RETURNS ARE FILED UNDER USF OR UMSA. THEREFORE, THE NUMBER OF EMPLOYEES REPORTED ON HPCC'S FORM 990 IS ZERO."
"https://nccs-efile.s3.us-east-1.amazonaws.com/xml/202041339349302084","161765073","USF HEALTH PROFESSIONS CONFERENCING","2018","990","https://nccs-efile.s3.us-east-1.amazonaws.com/xml/202041339349302084_public.xml","FORM 990, PART VI, SECTION A, LINE 4","THE ORGANIZATION'S BYLAWS WERE REVISED TO MANDATE ALL NEW DIRECTORS BE APPROVED BY THE USF BOARD OF TRUSTEES BEFORE BECOMING EFFECTIVE."
"https://nccs-efile.s3.us-east-1.amazonaws.com/xml/202041339349302084","161765073","USF HEALTH PROFESSIONS CONFERENCING","2018","990","https://nccs-efile.s3.us-east-1.amazonaws.com/xml/202041339349302084_public.xml","FORM 990, PART VI, SECTION A, LINE 6","USF HEALTH PROFESSIONS CONFERENCING CORPORATION'S SOLE MEMBER SHALL BE THE UNIVERSITY OF SOUTH FLORIDA BOARD OF TRUSTEES, A PUBLIC BODY CORPORATE OF THE STATE OF FLORIDA, ACTING FOR AND ON BEHALF OF THE UNIVERSITY OF SOUTH FLORIDA, AND WILL BE REFERRED HEREIN AS ""UNIVERSITY""."
"https://nccs-efile.s3.us-east-1.amazonaws.com/xml/202041339349302084","161765073","USF HEALTH PROFESSIONS CONFERENCING","2018","990","https://nccs-efile.s3.us-east-1.amazonaws.com/xml/202041339349302084_public.xml","FORM 990, PART VI, SECTION A, LINE 7A","THE DIRECTORS OF THE CORPORATION SHALL BE APPOINTED IN THE FOLLOWING MANNER: -ONE DIRECTOR SHALL BE APPOINTED BY THE CHAIRPERSON OF THE UNIVERSITY'S BOARD OF TRUSTEES; -ONE DIRECTOR SHALL BE EITHER THE PRESIDENT OF THE UNIVERSITY OR THE DESIGNESS OF THE PRESIDENT OF THE UNIVERSITY, PURSUANT TO FLORIDA STATUTES SECTION 1004.28(3) -UP TO SEVEN DIRECTORS APPOINTED BY THE UNIVESITY SENIOR VICE PRESIDENT FOR USF HEALTH."
"https://nccs-efile.s3.us-east-1.amazonaws.com/xml/202041339349302084","161765073","USF HEALTH PROFESSIONS CONFERENCING","2018","990","https://nccs-efile.s3.us-east-1.amazonaws.com/xml/202041339349302084_public.xml","FORM 990, PART VI, SECTION A, LINE 7B","THE PRESIDENT OF THE UNIVERSITY OR HIS OR HER DESIGNEE SHALL HAVE THE FOLLOWING SPECIFIC POWERS AND DUTIES WITH REGARD TO THIS CORPORATION: (A) TO MONITOR AND CONTROL THE USE OF THE UNIVERSITY'S RESOURCES BY THIS CORPORATION; (B) TO CONTROL THE USE OF THE UNIVERSITY NAME BY THIS CORPORATION; (C) TO MONITOR COMPLIANCE OF THIS CORPORATION WITH FEDERAL AND STATE LAWS; (D) TO RECOMMEND TO THE BOARD OF DIRECTORS AN ANNUAL BUDGET OF THIS CORPORATION; AND (E) TO REVIEW AND APPROVE QUARTERLY EXPENDITURE PLANS OF THIS CORPORATION."
"https://nccs-efile.s3.us-east-1.amazonaws.com/xml/202041339349302084","161765073","USF HEALTH PROFESSIONS CONFERENCING","2018","990","https://nccs-efile.s3.us-east-1.amazonaws.com/xml/202041339349302084_public.xml","FORM 990, PART VI, SECTION B, LINE 11B","A DRAFT VERSION OF THE 990 IS PROVIDED TO THE GOVERNING BODY MEMBERS PRIOR TO THE SCHEDULED FINANCE AND AUDIT COMMITTEE MEETING. QUESTIONS AND COMMENTS ARE REVIEWED AT THE FINANCE AND AUDIT COMMITTEE MEETING AND ANY APPROVED EDITS ARE COMPLETED BEFORE FILING THE RETURN."
"https://nccs-efile.s3.us-east-1.amazonaws.com/xml/202041339349302084","161765073","USF HEALTH PROFESSIONS CONFERENCING","2018","990","https://nccs-efile.s3.us-east-1.amazonaws.com/xml/202041339349302084_public.xml","FORM 990, PART VI, SECTION B, LINE 12C","EACH OF THE ORGANIZATION'S DIRECTORS IS REQUIRED TO DISCLOSE ALL POTENTIAL AND APPARENT CONFLICTS OF INTEREST KNOWN TO SUCH DIRECTOR. THE DISCLOSURE IS TO BE MADE AS SOON AS PRACTICABLE FOLLOWING THE DETERMINATION THAT A CONFLICT OF INTEREST MAY EXIST. DISCLOSURES ARE TO BE MADE TO THE CHAIRMAN OF THE BOARD AND CEO. DIRECTORS ARE REQUIRED TO SIGN ANNUALLY A CONFLICT OF INTEREST CERTIFICATION INDICATING THAT THEY HAVE REVIEWED THE CONFLICT OF INTEREST POLICY AND THAT THEY ARE IN COMPLIANCE."
"https://nccs-efile.s3.us-east-1.amazonaws.com/xml/202041339349302084","161765073","USF HEALTH PROFESSIONS CONFERENCING","2018","990","https://nccs-efile.s3.us-east-1.amazonaws.com/xml/202041339349302084_public.xml","FORM 990, PART VI, SECTION B, LINE 15","THE ORGANIZATION'S TOP MANAGEMENT OFFICIALS, OFFICERS, AND KEY EMPLOYEES ARE COMPENSATED BY A RELATED ENTITY VIA AN EMPLOYEE LEASING TYPE ARRANGEMENT."
"https://nccs-efile.s3.us-east-1.amazonaws.com/xml/202041339349302084","161765073","USF HEALTH PROFESSIONS CONFERENCING","2018","990","https://nccs-efile.s3.us-east-1.amazonaws.com/xml/202041339349302084_public.xml","FORM 990, PART VI, SECTION C, LINE 19","THE ORGANIZATION'S GOVERNING DOCUMENTS, CONFLICT OF INTEREST POLICY, AND FINANCIAL STATEMENTS ARE MADE AVAILABLE TO THE PUBLIC UPON REQUEST."
"https://nccs-efile.s3.us-east-1.amazonaws.com/xml/202041339349302084","161765073","USF HEALTH PROFESSIONS CONFERENCING","2018","990","https://nccs-efile.s3.us-east-1.amazonaws.com/xml/202041339349302084_public.xml","FORM 990, PART XII, LINE 2C:","THE FINANCE AND AUDIT COMMITTEE ASSUMES RESPONSIBILITY FOR OVERSIGHT OF THE FINANCIAL AUDIT AND THE SELECTION OF THE INDEPENDENT AUDITORS. THE COMMITTEE REVIEWS AND APPROVES THE ANNUAL BUDGET AND BUDGET MODIFICATIONS, REVIEWS FINANCIAL PERFORMANCE AND MAKES RECOMMENDATIONS FOR CORRECTIVE ACTION, REVIEWS INTERNAL AND EXTERNAL AUDIT REPORTS, REVIEWS AND RECOMMENDS APPROPRIATE POLICIES FOR APPROVAL BY THE BOARD, AND ASSUMES OTHER TASKS AND SUBJECTS AS MAY BE DESIGNATED BY THE UNIVERSITY VICE PRESIDENT FOR HEALTH SCIENCES OR THE BOARD."
"https://nccs-efile.s3.us-east-1.amazonaws.com/xml/201912359349301111","570963511","Timmonsville Rescue Squad","2018","990","https://nccs-efile.s3.us-east-1.amazonaws.com/xml/201912359349301111_public.xml","Members or stockholder classes and rights Part VI line 6","Organization is organized as a corporation with members."
"https://nccs-efile.s3.us-east-1.amazonaws.com/xml/201912359349301111","570963511","Timmonsville Rescue Squad","2018","990","https://nccs-efile.s3.us-east-1.amazonaws.com/xml/201912359349301111_public.xml","Member election for additional members Part VI line 7a","The members elect the governing board."
"https://nccs-efile.s3.us-east-1.amazonaws.com/xml/201912359349301111","570963511","Timmonsville Rescue Squad","2018","990","https://nccs-efile.s3.us-east-1.amazonaws.com/xml/201912359349301111_public.xml","Governing body decisions Part VI line 7b","Most of the governance decisions are made by the governing body.However, large significant purchases are approved by the members."
"https://nccs-efile.s3.us-east-1.amazonaws.com/xml/201912359349301111","570963511","Timmonsville Rescue Squad","2018","990","https://nccs-efile.s3.us-east-1.amazonaws.com/xml/201912359349301111_public.xml","Committee meeting documentation Part VI line 8b","The Rescue Squad does not have committees."
"https://nccs-efile.s3.us-east-1.amazonaws.com/xml/201912359349301111","570963511","Timmonsville Rescue Squad","2018","990","https://nccs-efile.s3.us-east-1.amazonaws.com/xml/201912359349301111_public.xml","Form 990 governing body review Part VI line 11","The governing body reviews the completed Form 990 beforee-filing the return to the Internal Revenue Service."
"https://nccs-efile.s3.us-east-1.amazonaws.com/xml/201912359349301111","570963511","Timmonsville Rescue Squad","2018","990","https://nccs-efile.s3.us-east-1.amazonaws.com/xml/201912359349301111_public.xml","Conflict of interest policy compliance Part VI line 12c","Conflicts of interest are monitored by the Chief with theassistance of the governing board."
"https://nccs-efile.s3.us-east-1.amazonaws.com/xml/201912359349301111","570963511","Timmonsville Rescue Squad","2018","990","https://nccs-efile.s3.us-east-1.amazonaws.com/xml/201912359349301111_public.xml","CEO executive director top management comp Part VI line 15a","The Chief of the organization does not receive compensation."
"https://nccs-efile.s3.us-east-1.amazonaws.com/xml/201912359349301111","570963511","Timmonsville Rescue Squad","2018","990","https://nccs-efile.s3.us-east-1.amazonaws.com/xml/201912359349301111_public.xml","Other officer or key employee compensation Part VI line 15b","Other officers receive wages comparable to their duties they performfor the squad. Their wages are similar to those in thesurrounding area."
"https://nccs-efile.s3.us-east-1.amazonaws.com/xml/201912359349301111","570963511","Timmonsville Rescue Squad","2018","990","https://nccs-efile.s3.us-east-1.amazonaws.com/xml/201912359349301111_public.xml","Governing documents etc available to public Part VI line 19","The organization makes its governing documents, conflicts of interestpolicy and financial statements available to the public uponrequest."
"https://nccs-efile.s3.us-east-1.amazonaws.com/xml/201931189349200003","460517923","Pride Collective & Community Center","2018","990EZ","https://nccs-efile.s3.us-east-1.amazonaws.com/xml/201931189349200003_public.xml","Form 990-EZ, Part I, Line 8","Description;Amount^Community Center rental;113^Total;113^"
"https://nccs-efile.s3.us-east-1.amazonaws.com/xml/201931189349200003","460517923","Pride Collective & Community Center","2018","990EZ","https://nccs-efile.s3.us-east-1.amazonaws.com/xml/201931189349200003_public.xml","Form 990-EZ, Part I, Line 10","2018 ND LGBTQ Summit $1500.00 Tyler Clement Foundation $100.00 National Funder for LGBT Rights $5000 Suicide Prevention Conference Scholarship Sponsorship $1000.00"
"https://nccs-efile.s3.us-east-1.amazonaws.com/xml/201931189349200003","460517923","Pride Collective & Community Center","2018","990EZ","https://nccs-efile.s3.us-east-1.amazonaws.com/xml/201931189349200003_public.xml","Form 990-EZ, Part I, Line 16","Description;Amount^Advertising and website maintenance;10036|Community Support;295|Bank and credit card processing expenses;584|Memberships dues and subscriptions;1011|Food and beverage;301|Insurance;2741|Tshirts;3044|Miscellaneous;298|Sheet music sound recordings and license fees;640|Travel;169|Program Services decorations;345|Program Services entertainment;6175|Program Services equipment rental;8789|Program Services event coordination and ticketing;3320|Program Services parade and assembly costs;56|Program Services park reservation fees;374|Program Services performers talent and accompaniment;1265|Program Services prizes and awards;550|Program Services security and related services;2375|Program Services venue rental;1679|Program Services other costs;12451^Total;56498^"
"https://nccs-efile.s3.us-east-1.amazonaws.com/xml/201931189349200003","460517923","Pride Collective & Community Center","2018","990EZ","https://nccs-efile.s3.us-east-1.amazonaws.com/xml/201931189349200003_public.xml","Form 990-EZ, Part II, Line 24","Description;EOY Amount^Security deposits;705^Total;705^"
"https://nccs-efile.s3.us-east-1.amazonaws.com/xml/201931189349200003","460517923","Pride Collective & Community Center","2018","990EZ","https://nccs-efile.s3.us-east-1.amazonaws.com/xml/201931189349200003_public.xml","Form 990-EZ, Part II, Line 26","Description;EOY Amount^Payroll taxes;159^Total;159^"
"https://nccs-efile.s3.us-east-1.amazonaws.com/xml/201931189349200003","460517923","Pride Collective & Community Center","2018","990EZ","https://nccs-efile.s3.us-east-1.amazonaws.com/xml/201931189349200003_public.xml","Form 990-EZ, Part V, Line 34","Nonprofit corporation dissolved in MN, re-registered as domestic ND nonprofit corporation April 2018. Operations and activities were unchanged. All assets were retained and none were disposed or distributed as a result of this process."
"https://nccs-efile.s3.us-east-1.amazonaws.com/xml/202010749349301011","200816236","DESERT ELITE MAVERICKS","2018","990","https://nccs-efile.s3.us-east-1.amazonaws.com/xml/202010749349301011_public.xml","FORM 990, PART VI, SECTION A, LINE 2","AMY GREY AND TODD GREY HAVE A FAMILY RELATIONSHIP."
"https://nccs-efile.s3.us-east-1.amazonaws.com/xml/202010749349301011","200816236","DESERT ELITE MAVERICKS","2018","990","https://nccs-efile.s3.us-east-1.amazonaws.com/xml/202010749349301011_public.xml","FORM 990, PART VI, SECTION B, LINE 11B","THE PRESIDENT REVIEWS THE FORM 990 WITH THE BOARD OF DIRECTORS."
"https://nccs-efile.s3.us-east-1.amazonaws.com/xml/202010749349301011","200816236","DESERT ELITE MAVERICKS","2018","990","https://nccs-efile.s3.us-east-1.amazonaws.com/xml/202010749349301011_public.xml","FORM 990, PART VI, SECTION B, LINE 12C","THE ORGANIZATION OBTAINS AN ANNUAL CONFLICT OF INTEREST STATEMENT SIGNED BY EACH MEMBER AND OFFICER OR, IF NOT PREVIOUSLY DISCLOSED IN SUCH STATEMENT, WHEN THE MATTER AT INTEREST FIRST COMES UP OR SHOULD COME UP FOR CONSIDERATION BY SUCH BOARD OF DIRECTORS OR COMMITTEE."
"https://nccs-efile.s3.us-east-1.amazonaws.com/xml/202010749349301011","200816236","DESERT ELITE MAVERICKS","2018","990","https://nccs-efile.s3.us-east-1.amazonaws.com/xml/202010749349301011_public.xml","FORM 990, PART VI, SECTION C, LINE 19","THE ORGANIZATION MAKES ITS GOVERNING DOCUMENTS, CONFLICT OF INTEREST POLICY, AND FINANCIAL STATEMENTS AVAILABLE TO THE PUBLIC UPON REQUEST."
"https://nccs-efile.s3.us-east-1.amazonaws.com/xml/202010749349301011","200816236","DESERT ELITE MAVERICKS","2018","990","https://nccs-efile.s3.us-east-1.amazonaws.com/xml/202010749349301011_public.xml","FORM 990, PART IX, LINE 24E","GYM SUPPLIES: PROGRAM SERVICE EXPENSES 12,991. MANAGEMENT AND GENERAL EXPENSES 0. FUNDRAISING EXPENSES 0. TOTAL EXPENSES 12,991. MUSIC: PROGRAM SERVICE EXPENSES 6,171. MANAGEMENT AND GENERAL EXPENSES 0. FUNDRAISING EXPENSES 0. TOTAL EXPENSES 6,171. GIFTS AND PROMOTIONS: PROGRAM SERVICE EXPENSES 5,490. MANAGEMENT AND GENERAL EXPENSES 0. FUNDRAISING EXPENSES 0. TOTAL EXPENSES 5,490. TELEPHONE - VERIZON: PROGRAM SERVICE EXPENSES 0. MANAGEMENT AND GENERAL EXPENSES 4,380. FUNDRAISING EXPENSES 0. TOTAL EXPENSES 4,380. LICENSES AND PERMITS: PROGRAM SERVICE EXPENSES 0. MANAGEMENT AND GENERAL EXPENSES 3,960. FUNDRAISING EXPENSES 0. TOTAL EXPENSES 3,960. BANK CHARGE: PROGRAM SERVICE EXPENSES 0. MANAGEMENT AND GENERAL EXPENSES 3,855. FUNDRAISING EXPENSES 0. TOTAL EXPENSES 3,855. DIRECT FUNDRAISING EXPENSES: PROGRAM SERVICE EXPENSES 0. MANAGEMENT AND GENERAL EXPENSES 0. FUNDRAISING EXPENSES 1,339. TOTAL EXPENSES 1,339. CONTRIBUTIONS: PROGRAM SERVICE EXPENSES 430. MANAGEMENT AND GENERAL EXPENSES 0. FUNDRAISING EXPENSES 0. TOTAL EXPENSES 430. DUES AND SUBSCRIPTIONS: PROGRAM SERVICE EXPENSES 312. MANAGEMENT AND GENERAL EXPENSES 0. FUNDRAISING EXPENSES 0. TOTAL EXPENSES 312. REGULATORY FEES: PROGRAM SERVICE EXPENSES 0. MANAGEMENT AND GENERAL EXPENSES 217. FUNDRAISING EXPENSES 0. TOTAL EXPENSES 217. POSTAGE AND DELIVERY: PROGRAM SERVICE EXPENSES 214. MANAGEMENT AND GENERAL EXPENSES 0. FUNDRAISING EXPENSES 0. TOTAL EXPENSES 214. MEDICAL: PROGRAM SERVICE EXPENSES 165. MANAGEMENT AND GENERAL EXPENSES 0. FUNDRAISING EXPENSES 0. TOTAL EXPENSES 165. PRINTING AND REPRODUCTION: PROGRAM SERVICE EXPENSES 163. MANAGEMENT AND GENERAL EXPENSES 0. FUNDRAISING EXPENSES 0. TOTAL EXPENSES 163. MAKE-UP: PROGRAM SERVICE EXPENSES 120. MANAGEMENT AND GENERAL EXPENSES 0. FUNDRAISING EXPENSES 0. TOTAL EXPENSES 120."
"https://nccs-efile.s3.us-east-1.amazonaws.com/xml/201931689349300008","510172223","LITHUANIAN NATIONAL FOUNDATION INC","2018","990","https://nccs-efile.s3.us-east-1.amazonaws.com/xml/201931689349300008_public.xml","Form 990, Part VI, Line 11b: Form 990 Review Process","Officers review the return and financial statements for accuracy of information."
"https://nccs-efile.s3.us-east-1.amazonaws.com/xml/201931689349300008","510172223","LITHUANIAN NATIONAL FOUNDATION INC","2018","990","https://nccs-efile.s3.us-east-1.amazonaws.com/xml/201931689349300008_public.xml","Form 990, Part VI, Line 19: Other Organization Documents Publicly Available","All documents are available on request."
"https://nccs-efile.s3.us-east-1.amazonaws.com/xml/201912199349200331","431624515","WYLLIAMS-HENRY CONTEMPORARY DANCE","2018","990EZ","https://nccs-efile.s3.us-east-1.amazonaws.com/xml/201912199349200331_public.xml","Form 990-EZ, Part I, Line 16","Costs other than dancer costs to put on productions $16,471; Marketing & Publicity $2186; Interest Expense $2718; Other administrative expenses $3244"
"https://nccs-efile.s3.us-east-1.amazonaws.com/xml/201912199349200331","431624515","WYLLIAMS-HENRY CONTEMPORARY DANCE","2018","990EZ","https://nccs-efile.s3.us-east-1.amazonaws.com/xml/201912199349200331_public.xml","Form 990-EZ, Part II, Line 24","Contributions receivable"
"https://nccs-efile.s3.us-east-1.amazonaws.com/xml/201912199349200331","431624515","WYLLIAMS-HENRY CONTEMPORARY DANCE","2018","990EZ","https://nccs-efile.s3.us-east-1.amazonaws.com/xml/201912199349200331_public.xml","Form 990-EZ, Part II, Line 26","Credit Card payable $13541. Loan from officer $710"
"https://nccs-efile.s3.us-east-1.amazonaws.com/xml/201902049349200640","383149418","Grass Lake Sportsmans Club","2018","990EZ","https://nccs-efile.s3.us-east-1.amazonaws.com/xml/201902049349200640_public.xml","Description of other expenses Part I line 16","Description AmountDepreciation from 4562 637Supplies 6,218Property Taxes 8,667Licenses 202Insurance 3,339Memberships 955Website 170Rental Refunds 75Donations 450Miscellaneous 185Office Supplies 15"
"https://nccs-efile.s3.us-east-1.amazonaws.com/xml/201902049349200640","383149418","Grass Lake Sportsmans Club","2018","990EZ","https://nccs-efile.s3.us-east-1.amazonaws.com/xml/201902049349200640_public.xml","Description of other assets Part II line 24","Category Beginning of Year End of YearTrailer 4,060 3,480Other 3,784 0Land Improvement - Range 0 1,000Mower 0 343"
"https://nccs-efile.s3.us-east-1.amazonaws.com/xml/201901229349301390","467492043","JOHN AND AUDREY ALLEN SCHOLARSHIP","2018","990","https://nccs-efile.s3.us-east-1.amazonaws.com/xml/201901229349301390_public.xml","FORM 990, PAGE 6, PART VI, LINE 11B","NO REVIEW WAS OR WILL BE CONDUCTED."
"https://nccs-efile.s3.us-east-1.amazonaws.com/xml/201901229349301390","467492043","JOHN AND AUDREY ALLEN SCHOLARSHIP","2018","990","https://nccs-efile.s3.us-east-1.amazonaws.com/xml/201901229349301390_public.xml","FORM 990, PAGE 6, PART VI, LINE 19","NO DOCUMENTS AVAILABLE TO THE PUBLIC"
"https://nccs-efile.s3.us-east-1.amazonaws.com/xml/202020079349302152","330509308","RESPONSIVE HOUSING SERVICES CORPORATION","2018","990","https://nccs-efile.s3.us-east-1.amazonaws.com/xml/202020079349302152_public.xml","Form 990, Part VI, Line 11b: Form 990 Review Process","No review was or will be conducted."
"https://nccs-efile.s3.us-east-1.amazonaws.com/xml/202020079349302152","330509308","RESPONSIVE HOUSING SERVICES CORPORATION","2018","990","https://nccs-efile.s3.us-east-1.amazonaws.com/xml/202020079349302152_public.xml","Form 990, Part VI, Line 19: Other Organization Documents Publicly Available","No documents available to the public."
"https://nccs-efile.s3.us-east-1.amazonaws.com/xml/201902689349301110","363803443","ASSISI HOMES OF ILLINOIS INC","2018","990","https://nccs-efile.s3.us-east-1.amazonaws.com/xml/201902689349301110_public.xml","FORM 990, PART VI, SECTION A, LINE 6","ASSISI HOMES OF ILLINOIS, INC. IS A NONSTOCK, NONPROFIT CORPORATION WITH MERCY HOUSING WHEATON, NFP AS THE SOLE MEMBER."
"https://nccs-efile.s3.us-east-1.amazonaws.com/xml/201902689349301110","363803443","ASSISI HOMES OF ILLINOIS INC","2018","990","https://nccs-efile.s3.us-east-1.amazonaws.com/xml/201902689349301110_public.xml","FORM 990, PART VI, SECTION A, LINE 7A","THE BOARD OF TRUSTEES OF MERCY HOUSING, INC. HAS AUTHORITY OVER ASSISI HOMES OF ILLINOIS, INC. IN VARIOUS ASPECTS OF OPERATIONS AND MANAGEMENT. THE RESERVED RIGHTS HELD BY THE MERCY HOUSING BOARD OF TRUSTEES, WHICH MAY BE FURTHER DELEGATED TO THE PRESIDENT AND CEO OF MERCY HOUSING, INC., INCLUDE APPROVAL OF THE FOLLOWING ACTIVITIES: REVISIONS TO ARTICLES AND BYLAWS; MERGERS AND ACQUISITIONS; ESTABLISHMENT OF NEW ENTITIES; PLEDGING, MORTGAGING OR DISPOSING OF ALL OR SUBSTANTIALLY ALL ASSETS; OBLIGATIONS OF NEW OPERATING AND MORTGAGE DEBT; AND APPOINTMENT OR REMOVAL OF GOVERNING BOARD MEMBERS AND OFFICERS."
"https://nccs-efile.s3.us-east-1.amazonaws.com/xml/201902689349301110","363803443","ASSISI HOMES OF ILLINOIS INC","2018","990","https://nccs-efile.s3.us-east-1.amazonaws.com/xml/201902689349301110_public.xml","FORM 990, PART VI, SECTION A, LINE 7B","SAME AS LINE 7A"
"https://nccs-efile.s3.us-east-1.amazonaws.com/xml/201902689349301110","363803443","ASSISI HOMES OF ILLINOIS INC","2018","990","https://nccs-efile.s3.us-east-1.amazonaws.com/xml/201902689349301110_public.xml","FORM 990, PART VI, SECTION B, LINE 11B","EACH MEMBER IS GIVEN THE OPPORTUNITY TO REVIEW THE RETURN BEFORE IT IS FILED."
"https://nccs-efile.s3.us-east-1.amazonaws.com/xml/201902689349301110","363803443","ASSISI HOMES OF ILLINOIS INC","2018","990","https://nccs-efile.s3.us-east-1.amazonaws.com/xml/201902689349301110_public.xml","FORM 990, PART VI, SECTION B, LINE 12C","THE AUDIT COMMITTEE OF MERCY HOUSING, INC. REVIEWS PERIODICALLY THE CONFLICT OF INTEREST DISCLOSURES AND DETERMINES WHETHER ANY ACTION IS REQUIRED."
"https://nccs-efile.s3.us-east-1.amazonaws.com/xml/201902689349301110","363803443","ASSISI HOMES OF ILLINOIS INC","2018","990","https://nccs-efile.s3.us-east-1.amazonaws.com/xml/201902689349301110_public.xml","FORM 990, PART VI, SECTION B, LINE 15","THE PROCESS FOR DETERMINING COMPENSATION FOR THE PRESIDENT, CHAIRMAN, OFFICERS, AND DIRECTORS IS DETERMINED BY AN EMPLOYEE BENEFITS COMMITTEE, WHICH IS APPOINTED BY THE BOARD OF DIRECTORS OF MERCY HOUSING, INC. TO ENSURE COMPETITIVENESS, WAGES ARE COMPARED TO OTHER AFFORDABLE HOUSING ORGANIZATIONS, BOTH FOR- AND NOT-FOR-PROFIT, OR THE LOCAL MARKET FOR POSITIONS APPLICABLE TO A BROADER COMPETITIVE MARKET. MERCY HOUSING, INC. WILL COMPLY WITH ALL APPLICABLE FEDERAL AND STATE LABOR LAWS AND REGULATIONS. THE PROCESS WILL BE ADMINISTERED ACCORDING TO THE RELEVANT HUMAN RESOURCE OPERATIONAL POLICIES AND BY THE HUMAN RESOURCE DEPARTMENT WITH DIRECTION FROM THE SENIOR LEADERSHIP TEAM. THE CEO WILL MAKE A REPORT TO THE BOARD OF TRUSTEES ON IMPLEMENTATION OF THE WAGE AND BENEFIT PROGRAM ANNUALLY. PERIODICALLY THE EXECUTIVE COMMITTEE WITHIN THE MERCY HOUSING, INC. BOARD OF TRUSTEES WILL REVIEW EXECUTIVE SALARIES TO ENSURE COMPETITIVENESS AND REASONABLENESS WITH EXTERNAL MARKETS AND FOR INTERNAL EQUITY IN RELATION TO GENERAL EMPLOYEE WAGES AND BENEFITS, INDIVIDUAL AND ORGANIZATIONAL PERFORMANCE, AND THE FINANCIAL RESOURCES OF THE ORGANIZATION."
"https://nccs-efile.s3.us-east-1.amazonaws.com/xml/201902689349301110","363803443","ASSISI HOMES OF ILLINOIS INC","2018","990","https://nccs-efile.s3.us-east-1.amazonaws.com/xml/201902689349301110_public.xml","FORM 990, PART VI, SECTION C, LINE 19","THE ORGANIZATION MAKES ITS GOVERNING DOCUMENTS, CONFLICT OF INTEREST POLICY, AND FINANCIAL STATEMENTS AVAILABLE TO THE PUBLIC UPON REQUEST."
"https://nccs-efile.s3.us-east-1.amazonaws.com/xml/201902689349301110","363803443","ASSISI HOMES OF ILLINOIS INC","2018","990","https://nccs-efile.s3.us-east-1.amazonaws.com/xml/201902689349301110_public.xml","FORM 990 PART XII, LINE 2C","RESPONSIBILITY FOR SELECTION OF AN INDEPENDENT ACCOUNTANT AND OVERSIGHT OF THE ANNUAL AUDIT IS RESERVED BY THE BOARD OF TRUSTEES."
"https://nccs-efile.s3.us-east-1.amazonaws.com/xml/201911779349300411","231573560","AMERICAN LEGION","2018","990","https://nccs-efile.s3.us-east-1.amazonaws.com/xml/201911779349300411_public.xml","FORM 990, PAGE 1, PART I, LINE 6","VOLUNTEERS HELPED WITH LEGION EVENTS AND THE GOVERNANCE OF THE ORGANIZATION."
"https://nccs-efile.s3.us-east-1.amazonaws.com/xml/201911779349300411","231573560","AMERICAN LEGION","2018","990","https://nccs-efile.s3.us-east-1.amazonaws.com/xml/201911779349300411_public.xml","FORM 990, PAGE 6, PART VI, LINE 6","THE AMERICAN LEGION POST IS ORGANIZED WITH MEMBERS."
"https://nccs-efile.s3.us-east-1.amazonaws.com/xml/201911779349300411","231573560","AMERICAN LEGION","2018","990","https://nccs-efile.s3.us-east-1.amazonaws.com/xml/201911779349300411_public.xml","FORM 990, PAGE 6, PART VI, LINE 7A","ONLY VETERAN MEMBERS VOTE FOR THE BOARD OF DIRECTORS OF THE POST."
"https://nccs-efile.s3.us-east-1.amazonaws.com/xml/201911779349300411","231573560","AMERICAN LEGION","2018","990","https://nccs-efile.s3.us-east-1.amazonaws.com/xml/201911779349300411_public.xml","FORM 990, PAGE 6, PART VI, LINE 11B","A COPY OF FORM 990 IS SENT TO THE COMMANDER WHO REVIEWS THE RETURN AND MAKES IT AVAILABLE TO THE BOARD OF DIRECTORS FOR REVIEW PRIOR TO FILING."
"https://nccs-efile.s3.us-east-1.amazonaws.com/xml/201911779349300411","231573560","AMERICAN LEGION","2018","990","https://nccs-efile.s3.us-east-1.amazonaws.com/xml/201911779349300411_public.xml","FORM 990, PAGE 6, PART VI, LINE 19","THE ORGANIZATION DOES NOT MAKE ITS GOVERNING DOCUMENTS AVAILABLE TO THE PUBLIC."
"https://nccs-efile.s3.us-east-1.amazonaws.com/xml/201931719349300048","391966459","QUIT QUI OC ATHLETIC ALLIANCE INC","2018","990","https://nccs-efile.s3.us-east-1.amazonaws.com/xml/201931719349300048_public.xml","FORM 990, PAGE 6, PART VI, LINE 11B","THE FORM 990 IS PROVIDED TO OFFICERS OF THE ORGANIZATION UPON THEIR REQUEST."
"https://nccs-efile.s3.us-east-1.amazonaws.com/xml/201931719349300048","391966459","QUIT QUI OC ATHLETIC ALLIANCE INC","2018","990","https://nccs-efile.s3.us-east-1.amazonaws.com/xml/201931719349300048_public.xml","FORM 990, PAGE 6, PART VI, LINE 19","FORMS & DOCUMENTS ARE AVAILABLE UPON REQUEST"
"https://nccs-efile.s3.us-east-1.amazonaws.com/xml/201931719349300048","391966459","QUIT QUI OC ATHLETIC ALLIANCE INC","2018","990","https://nccs-efile.s3.us-east-1.amazonaws.com/xml/201931719349300048_public.xml","FORM 990, PART XI, LINE 9","A CONTRIBUTION WAS RECEIVED AND ADDITIONAL FUNDS PLEDGED AS OF 12/31/17 FOR A SPECIFIC PROJECT. THE PROJECT WAS ABANDONED IN 2018 DUE TO BUDGETED COSTS BEING MUCH HIGHER THAN ANTICIPATED. THE FUNDS RECEIVED IN 2017 WERE RETURNED TO THE DONOR IN 2018. IN ADDITION, THE GRANTS RECEIVABLE AS OF 12/31/17 WERE REVERSED IN THE CURRENT YEAR FOR A TOTAL PRIOR PERIOD ADJUSTMENT OF 21,000."
"https://nccs-efile.s3.us-east-1.amazonaws.com/xml/201941079349200414","581736434","UNIVERSITY GARDENS INC","2018","990EZ","https://nccs-efile.s3.us-east-1.amazonaws.com/xml/201941079349200414_public.xml","FORM 990-EZ, PART I, LINE 4 - OTHER INVESTMENT INCOME","DESCRIPTION: INTEREST. AMOUNT: 235."
"https://nccs-efile.s3.us-east-1.amazonaws.com/xml/201941079349200414","581736434","UNIVERSITY GARDENS INC","2018","990EZ","https://nccs-efile.s3.us-east-1.amazonaws.com/xml/201941079349200414_public.xml","FORM 990-EZ, PART I, LINE 14","DESCRIPTION: DEPRECIATION. AMOUNT: 14,668. DESCRIPTION: OTHER EXPENSES. AMOUNT: 68,002. TOTAL TO FORM 990-EZ, LINE 14: 82,670."
"https://nccs-efile.s3.us-east-1.amazonaws.com/xml/201941079349200414","581736434","UNIVERSITY GARDENS INC","2018","990EZ","https://nccs-efile.s3.us-east-1.amazonaws.com/xml/201941079349200414_public.xml","FORM 990-EZ, PART I, LINE 16 - OTHER EXPENSES","DESCRIPTION: INTEREST EXPENSE. AMOUNT: 32,499."
"https://nccs-efile.s3.us-east-1.amazonaws.com/xml/201941079349200414","581736434","UNIVERSITY GARDENS INC","2018","990EZ","https://nccs-efile.s3.us-east-1.amazonaws.com/xml/201941079349200414_public.xml","FORM 990-EZ, PART II, LINE 24 - OTHER ASSETS","DESCRIPTION: HUD RESTRICTED DEPOSITS . BEG. OF YEAR AMOUNT: 88,470. END OF YEAR AMOUNT: 105,988. DESCRIPTION: PREPAID EXPENSES . BEG. OF YEAR AMOUNT: 2,529. END OF YEAR AMOUNT: 2,206. DESCRIPTION: OTHER DEPRECIABLE ASSETS. BEG. OF YEAR AMOUNT: 52,050. END OF YEAR AMOUNT: 52,050."
"https://nccs-efile.s3.us-east-1.amazonaws.com/xml/201941079349200414","581736434","UNIVERSITY GARDENS INC","2018","990EZ","https://nccs-efile.s3.us-east-1.amazonaws.com/xml/201941079349200414_public.xml","FORM 990-EZ, PART II, LINE 26 - OTHER LIABILITIES","DESCRIPTION: ACCOUNTS PAYABLE . BEG. OF YEAR AMOUNT: 7,266. END OF YEAR AMOUNT: 8,337. DESCRIPTION: N/P HUD . BEG. OF YEAR AMOUNT: 376,222. END OF YEAR AMOUNT: 356,903."
"https://nccs-efile.s3.us-east-1.amazonaws.com/xml/201910749349300621","161570768","EVEREST ASSOCIATION FOR FAMILY","2018","990","https://nccs-efile.s3.us-east-1.amazonaws.com/xml/201910749349300621_public.xml","Form 990, Part VI, Line 11b: Form 990 Review Process","THE BOARD OF DIRECTORS REVIEW A COPY OF THE 990 AT A REGULAR MEETING BEFORE IT IS FILED"
"https://nccs-efile.s3.us-east-1.amazonaws.com/xml/201910749349300621","161570768","EVEREST ASSOCIATION FOR FAMILY","2018","990","https://nccs-efile.s3.us-east-1.amazonaws.com/xml/201910749349300621_public.xml","Form 990, Part VI, Line 12c: Explanation of Monitoring and Enforcement of Conflicts","THE ORGANIZATION IS SMALL AND ANY CONFLICT WOULD BE READILY APPARENT TO THE BOARD."
"https://nccs-efile.s3.us-east-1.amazonaws.com/xml/201910749349300621","161570768","EVEREST ASSOCIATION FOR FAMILY","2018","990","https://nccs-efile.s3.us-east-1.amazonaws.com/xml/201910749349300621_public.xml","Form 990, Part VI, Line 19: Other Organization Documents Publicly Available","No documents available to the public."
