"OBJECT_ID","EIN","NAME","TAXYR","FORMTYPE","URL","SH_05_NON_HOSPITAL_FACILITY_TYPE","SH_05_NON_HOSPITAL_NAME_L1","SH_05_NON_HOSPITAL_ADDR_L1","SH_05_NON_HOSPITAL_ADDR_CITY","SH_05_NON_HOSPITAL_ADDR_STATE","SH_05_NON_HOSPITAL_ADDR_ZIP","SH_05_NON_HOSPITAL_ADDR_L2"
"https://nccs-efile.s3.us-east-1.amazonaws.com/xml/201943199349312469","221494440","SAINT BARNABAS MEDICAL CENTER","2018","990","https://nccs-efile.s3.us-east-1.amazonaws.com/xml/201943199349312469_public.xml","Physical Therapy","ACC - Physical Therapy","200 South Orange Ave","Livingston","NJ","07039",NA
"https://nccs-efile.s3.us-east-1.amazonaws.com/xml/201943199349312469","221494440","SAINT BARNABAS MEDICAL CENTER","2018","990","https://nccs-efile.s3.us-east-1.amazonaws.com/xml/201943199349312469_public.xml","CARDIAC IMAGING","NJ CARDIOLOGY ASSOC - CARDIAC IMAGING","375 MOUNT PLEASANT AVENUE","WEST ORANGE","NJ","07052",NA
"https://nccs-efile.s3.us-east-1.amazonaws.com/xml/201943199349312469","221494440","SAINT BARNABAS MEDICAL CENTER","2018","990","https://nccs-efile.s3.us-east-1.amazonaws.com/xml/201943199349312469_public.xml","CARDIAC IMAGING","CONSULTANTS IN CARDIOLOGY - CARDIAC IMAG","741 NORTHFIELD AVENUE","WEST ORANGE","NJ","07052",NA
"https://nccs-efile.s3.us-east-1.amazonaws.com/xml/201943199349312469","221494440","SAINT BARNABAS MEDICAL CENTER","2018","990","https://nccs-efile.s3.us-east-1.amazonaws.com/xml/201943199349312469_public.xml","Vascular Lab","ACC - Vascular Lab","200 South Orange Ave","Livingston","NJ","07039",NA
"https://nccs-efile.s3.us-east-1.amazonaws.com/xml/201943199349312469","221494440","SAINT BARNABAS MEDICAL CENTER","2018","990","https://nccs-efile.s3.us-east-1.amazonaws.com/xml/201943199349312469_public.xml","Pediatric Physical Therapy","ACC - Pediatric Physical Therapy","101 Old Short Hills Road Suite 210","WEST ORANGE","NJ","07052",NA
"https://nccs-efile.s3.us-east-1.amazonaws.com/xml/201943199349312469","221494440","SAINT BARNABAS MEDICAL CENTER","2018","990","https://nccs-efile.s3.us-east-1.amazonaws.com/xml/201943199349312469_public.xml","CARDIAC IMAGING","NUCLEAR IMAGING - DR LENCHUR","776 E 3RD AVENUE","ROSELLE","NJ","07203",NA
"https://nccs-efile.s3.us-east-1.amazonaws.com/xml/201943199349312469","221494440","SAINT BARNABAS MEDICAL CENTER","2018","990","https://nccs-efile.s3.us-east-1.amazonaws.com/xml/201943199349312469_public.xml","PHLEBOTOMY STATION","OUTREACH PHLEBOTOMY","200 SOUTH ORANGE AVENUE","LIVINGSTON","NJ","07039",NA
"https://nccs-efile.s3.us-east-1.amazonaws.com/xml/201943199349312469","221494440","SAINT BARNABAS MEDICAL CENTER","2018","990","https://nccs-efile.s3.us-east-1.amazonaws.com/xml/201943199349312469_public.xml","CARDIAC IMAGING","SUMMIT CARDIOLOGY IMAGING PRACTICE","1 SPRINGFIELD AVENUE","SUMMIT","NJ","07901",NA
"https://nccs-efile.s3.us-east-1.amazonaws.com/xml/201943199349312469","221494440","SAINT BARNABAS MEDICAL CENTER","2018","990","https://nccs-efile.s3.us-east-1.amazonaws.com/xml/201943199349312469_public.xml","Speech & Hearing","ACC - Speech & Hearing","200 South Orange Ave","Livingston","NJ","07039",NA
"https://nccs-efile.s3.us-east-1.amazonaws.com/xml/201943199349312469","221494440","SAINT BARNABAS MEDICAL CENTER","2018","990","https://nccs-efile.s3.us-east-1.amazonaws.com/xml/201943199349312469_public.xml","Echocardiography","ACC - Echocardiography","200 South Orange Ave","Livingston","NJ","07039",NA
"https://nccs-efile.s3.us-east-1.amazonaws.com/xml/201943199349312469","221494440","SAINT BARNABAS MEDICAL CENTER","2018","990","https://nccs-efile.s3.us-east-1.amazonaws.com/xml/201943199349312469_public.xml","OP TESTING","NEURO SCIENCE INSTITUTE","200 SOUTH ORANGE AVENUE","LIVINGSTON","NJ","07039",NA
"https://nccs-efile.s3.us-east-1.amazonaws.com/xml/201943199349312469","221494440","SAINT BARNABAS MEDICAL CENTER","2018","990","https://nccs-efile.s3.us-east-1.amazonaws.com/xml/201943199349312469_public.xml","Morahan Center","ACC - Morahan Center","200 South Orange Ave","Livingston","NJ","07039",NA
"https://nccs-efile.s3.us-east-1.amazonaws.com/xml/201943199349312469","221494440","SAINT BARNABAS MEDICAL CENTER","2018","990","https://nccs-efile.s3.us-east-1.amazonaws.com/xml/201943199349312469_public.xml","Health & Wellness Center","ACC - Health & Wellness Center","200 South Orange Ave","Livingston","NJ","07039",NA
"https://nccs-efile.s3.us-east-1.amazonaws.com/xml/201943199349312469","221494440","SAINT BARNABAS MEDICAL CENTER","2018","990","https://nccs-efile.s3.us-east-1.amazonaws.com/xml/201943199349312469_public.xml","Refractive/Lasik Vision","ACC - RefractiveLasik Vision","200 South Orange Ave","Livingston","NJ","07039",NA
"https://nccs-efile.s3.us-east-1.amazonaws.com/xml/201943199349312469","221494440","SAINT BARNABAS MEDICAL CENTER","2018","990","https://nccs-efile.s3.us-east-1.amazonaws.com/xml/201943199349312469_public.xml","PHLEBOTOMY STATION","OUTREACH PATHOLOGY - NJCA","375 MOUNT PLEASANT AVENUE","WEST ORANGE","NJ","07052",NA
"https://nccs-efile.s3.us-east-1.amazonaws.com/xml/201943199349312469","221494440","SAINT BARNABAS MEDICAL CENTER","2018","990","https://nccs-efile.s3.us-east-1.amazonaws.com/xml/201943199349312469_public.xml","PHLEBOTOMY STATION","OUTREACH PATHOLOGY - CALDWELL","382 BLOOMFIELD AVENUE","CALDWELL","NJ","07006",NA
"https://nccs-efile.s3.us-east-1.amazonaws.com/xml/201943199349312469","221494440","SAINT BARNABAS MEDICAL CENTER","2018","990","https://nccs-efile.s3.us-east-1.amazonaws.com/xml/201943199349312469_public.xml","PHLEBOTOMY STATION","OUTREACH PATHOLOGY - ROSELAND","189 EAGLE ROCK AVENUE","ROSELAND","NJ","07068",NA
"https://nccs-efile.s3.us-east-1.amazonaws.com/xml/201943199349312469","221494440","SAINT BARNABAS MEDICAL CENTER","2018","990","https://nccs-efile.s3.us-east-1.amazonaws.com/xml/201943199349312469_public.xml","PHLEBOTOMY STATION","OUTREACH PATHOLOGY - SKILLED NURSING","101 WHIPPANY ROAD","WHIPPANY","NJ","07981",NA
"https://nccs-efile.s3.us-east-1.amazonaws.com/xml/201943199349312469","221494440","SAINT BARNABAS MEDICAL CENTER","2018","990","https://nccs-efile.s3.us-east-1.amazonaws.com/xml/201943199349312469_public.xml","PHLEBOTOMY STATION","OUTREACH PATHOLOGY - SKILLED NURSING","311 S LIVINGSTON AVENUE","LIVINGSTON","NJ","07039",NA
"https://nccs-efile.s3.us-east-1.amazonaws.com/xml/201943199349312469","221494440","SAINT BARNABAS MEDICAL CENTER","2018","990","https://nccs-efile.s3.us-east-1.amazonaws.com/xml/201943199349312469_public.xml","PHLEBOTOMY STATION","OUTREACH PATHOLOGY - SKILLED NURSING","68 PASSAIC AVENUE","LIVINGSTON","NJ","07039",NA
"https://nccs-efile.s3.us-east-1.amazonaws.com/xml/201943199349312469","221494440","SAINT BARNABAS MEDICAL CENTER","2018","990","https://nccs-efile.s3.us-east-1.amazonaws.com/xml/201943199349312469_public.xml","Physical Therapy","PHYSICAL THERAPY - MILLBURN","120 MILLBURN AVENUE","MILLBURN","NJ","07041",NA
"https://nccs-efile.s3.us-east-1.amazonaws.com/xml/201943199349312469","221494440","SAINT BARNABAS MEDICAL CENTER","2018","990","https://nccs-efile.s3.us-east-1.amazonaws.com/xml/201943199349312469_public.xml","PHLEBOTOMY STATION","OUTREACH PATHOLOGY - SKILLED NURSING","5 BROOK END DRIVE","WEST ORANGE","NJ","07052",NA
"https://nccs-efile.s3.us-east-1.amazonaws.com/xml/201943199349312469","221494440","SAINT BARNABAS MEDICAL CENTER","2018","990","https://nccs-efile.s3.us-east-1.amazonaws.com/xml/201943199349312469_public.xml","PHLEBOTOMY STATION","OUTREACH PATHOLOGY - SKILLED NURSING","787 NORTHFIELD AVENUE","WEST ORANGE","NJ","07052",NA
"https://nccs-efile.s3.us-east-1.amazonaws.com/xml/201943199349312469","221494440","SAINT BARNABAS MEDICAL CENTER","2018","990","https://nccs-efile.s3.us-east-1.amazonaws.com/xml/201943199349312469_public.xml","PHLEBOTOMY STATION","OUTREACH PATHOLOGY - SKILLED NURSING","200 MAZDABROOK ROAD","PARSIPPANY","NJ","07054",NA
"https://nccs-efile.s3.us-east-1.amazonaws.com/xml/201943199349312469","221494440","SAINT BARNABAS MEDICAL CENTER","2018","990","https://nccs-efile.s3.us-east-1.amazonaws.com/xml/201943199349312469_public.xml","PHLEBOTOMY STATION","OUTREACH PATHOLOGY - SKILLED NURSING","1150 PLEASANT VALLEY WAY","WEST ORANGE","NJ","07052",NA
"https://nccs-efile.s3.us-east-1.amazonaws.com/xml/201943199349312469","221494440","SAINT BARNABAS MEDICAL CENTER","2018","990","https://nccs-efile.s3.us-east-1.amazonaws.com/xml/201943199349312469_public.xml","PHLEBOTOMY STATION","OUTREACH PATHOLOGY - SKILLED NURSING","25 FIFTH AVENUE","HASKELL","NJ","07420",NA
"https://nccs-efile.s3.us-east-1.amazonaws.com/xml/201943199349312469","221494440","SAINT BARNABAS MEDICAL CENTER","2018","990","https://nccs-efile.s3.us-east-1.amazonaws.com/xml/201943199349312469_public.xml","SLEEP LAB","SLEEP LAB - MILLBURN","96 MILLBURN AVENUE","MILLBURN","NJ","07041",NA
"https://nccs-efile.s3.us-east-1.amazonaws.com/xml/201943199349312469","221494440","SAINT BARNABAS MEDICAL CENTER","2018","990","https://nccs-efile.s3.us-east-1.amazonaws.com/xml/201943199349312469_public.xml","PHLEBOTOMY STATION","OUTREACH PATHOLOGY - SKILLED NURSING","560 BERKELEY AVENUE","ORANGE","NJ","07050",NA
"https://nccs-efile.s3.us-east-1.amazonaws.com/xml/201943199349312469","221494440","SAINT BARNABAS MEDICAL CENTER","2018","990","https://nccs-efile.s3.us-east-1.amazonaws.com/xml/201943199349312469_public.xml","PHLEBOTOMY STATION","OUTREACH PATHOLOGY - WESTFIELD","560 SPRINGFIELD AVENUE STE 103","WESTFIELD","NJ","07081",NA
"https://nccs-efile.s3.us-east-1.amazonaws.com/xml/201943199349312469","221494440","SAINT BARNABAS MEDICAL CENTER","2018","990","https://nccs-efile.s3.us-east-1.amazonaws.com/xml/201943199349312469_public.xml","WELLNESS PROGRAM","JCC OUTREACH PROGRAM","760 NORTHFIELD AVENUE","WEST ORANGE","NJ","07052",NA
"https://nccs-efile.s3.us-east-1.amazonaws.com/xml/201943199349312469","221494440","SAINT BARNABAS MEDICAL CENTER","2018","990","https://nccs-efile.s3.us-east-1.amazonaws.com/xml/201943199349312469_public.xml","PHLEBOTOMY STATION","OUTREACH PATHOLOGY - SKILLED NURSING","35 COTTAGE STREET","BERKLEY HEIGHTS","NJ","07922",NA
"https://nccs-efile.s3.us-east-1.amazonaws.com/xml/201943199349312469","221494440","SAINT BARNABAS MEDICAL CENTER","2018","990","https://nccs-efile.s3.us-east-1.amazonaws.com/xml/201943199349312469_public.xml","Early Intervention","ACC - Early Intervention (craniofaCIAL)","200 South Orange Ave","Livingston","NJ","07039",NA
"https://nccs-efile.s3.us-east-1.amazonaws.com/xml/201943199349312469","221494440","SAINT BARNABAS MEDICAL CENTER","2018","990","https://nccs-efile.s3.us-east-1.amazonaws.com/xml/201943199349312469_public.xml","PHLEBOTOMY STATION","OUTREACH PATHOLOGY - SKILLED NURSING","369 E MOUNT PLEASANT AVENUE","LIVINGSTON","NJ","07039",NA
"https://nccs-efile.s3.us-east-1.amazonaws.com/xml/201943199349312469","221494440","SAINT BARNABAS MEDICAL CENTER","2018","990","https://nccs-efile.s3.us-east-1.amazonaws.com/xml/201943199349312469_public.xml","PHLEBOTOMY STATION","OUTREACH PATHOLOGY - REHAB CENTER","51 MADISON AVENUE","MADISON","NJ","07940",NA
"https://nccs-efile.s3.us-east-1.amazonaws.com/xml/201943199349312469","221494440","SAINT BARNABAS MEDICAL CENTER","2018","990","https://nccs-efile.s3.us-east-1.amazonaws.com/xml/201943199349312469_public.xml","Celiac Program","ACC - Celiac Program","200 South Orange Ave","Livingston","NJ","07039",NA
"https://nccs-efile.s3.us-east-1.amazonaws.com/xml/201943199349312469","221494440","SAINT BARNABAS MEDICAL CENTER","2018","990","https://nccs-efile.s3.us-east-1.amazonaws.com/xml/201943199349312469_public.xml","PHLEBOTOMY STATION","OUTREACH PATHOLOGY - SKILLED NURSING","76 PASSAIC AVENUE","LIVINGSTON","NJ","07039",NA
"https://nccs-efile.s3.us-east-1.amazonaws.com/xml/201943199349312469","221494440","SAINT BARNABAS MEDICAL CENTER","2018","990","https://nccs-efile.s3.us-east-1.amazonaws.com/xml/201943199349312469_public.xml","PHLEBOTOMY STATION","OUTREACH PATHOLOGY - SUBACUTE","59 BIRCH STREET","PATERSON","NJ","07522",NA
"https://nccs-efile.s3.us-east-1.amazonaws.com/xml/201943199349312469","221494440","SAINT BARNABAS MEDICAL CENTER","2018","990","https://nccs-efile.s3.us-east-1.amazonaws.com/xml/201943199349312469_public.xml","PHLEBOTOMY STATION","OUTREACH PATHOLOGY - ATKINS KENT","101 OLD SHORT HILLS ROAD","WEST ORANGE","NJ","07052",NA
"https://nccs-efile.s3.us-east-1.amazonaws.com/xml/201943199349312469","221494440","SAINT BARNABAS MEDICAL CENTER","2018","990","https://nccs-efile.s3.us-east-1.amazonaws.com/xml/201943199349312469_public.xml","Corporate Care","Corporate Care","101 Old Short Hills Road Suite 415","WEST ORANGE","NJ","07052",NA
"https://nccs-efile.s3.us-east-1.amazonaws.com/xml/201923199349301862","311079309","ATRIUM MEDICAL CENTER","2018","990","https://nccs-efile.s3.us-east-1.amazonaws.com/xml/201923199349301862_public.xml","GENERAL MEDICAL & SURGICAL OUTPATIENT FACILITY","SOUTHWEST OHIO AMBULATORY SURGERY CENTER","295 N BREIEL BLVD","MIDDLETOWN","OH","45042",NA
"https://nccs-efile.s3.us-east-1.amazonaws.com/xml/201923199349301862","311079309","ATRIUM MEDICAL CENTER","2018","990","https://nccs-efile.s3.us-east-1.amazonaws.com/xml/201923199349301862_public.xml","EMERGENCY CENTER","MASON EMERGENCY CENTER (TO JULY)","7450 Mason Montgomery Rd","MASON","OH","45040",NA
"https://nccs-efile.s3.us-east-1.amazonaws.com/xml/201923199349301862","311079309","ATRIUM MEDICAL CENTER","2018","990","https://nccs-efile.s3.us-east-1.amazonaws.com/xml/201923199349301862_public.xml","HEALTH CENTER","ATRIUM HEALTH CENTER TRENTON","3590 BUSENBARK RD","TRENTON","OH","45067",NA
"https://nccs-efile.s3.us-east-1.amazonaws.com/xml/202021269349300437","460233030","CHILDREN'S CARE HOSPITAL AND SCHOOL","2018","990","https://nccs-efile.s3.us-east-1.amazonaws.com/xml/202021269349300437_public.xml","OUTPATIENT REHABILITATION CENTER","1 - CHILDREN'S CARE HOSPITAL & SCHOOL","7110 JORDAN DRIVE","RAPID CITY","SD","57702",NA
"https://nccs-efile.s3.us-east-1.amazonaws.com/xml/202021269349300437","460233030","CHILDREN'S CARE HOSPITAL AND SCHOOL","2018","990","https://nccs-efile.s3.us-east-1.amazonaws.com/xml/202021269349300437_public.xml","OCCUPATIONAL, PHYSICAL AND SPEECH THERAPY","2 - CHILDREN'S CARE HOSPITAL AND SCHOOL","2524 GLENN AVENUE","SIOUX CITY","IA","51106",NA
"https://nccs-efile.s3.us-east-1.amazonaws.com/xml/201943199349300949","620479367","METHODIST HEALTHCARE - MEMPHIS HOSPITALS","2018","990","https://nccs-efile.s3.us-east-1.amazonaws.com/xml/201943199349300949_public.xml","CANCER TREATMENT CENTERS","1 - WEST CANCER CENTER - MIDTOWN","1588 UNION AVE","MEMPHIS","TN","38104",NA
"https://nccs-efile.s3.us-east-1.amazonaws.com/xml/201943199349300949","620479367","METHODIST HEALTHCARE - MEMPHIS HOSPITALS","2018","990","https://nccs-efile.s3.us-east-1.amazonaws.com/xml/201943199349300949_public.xml","CANCER TREATMENT CENTERS","2 - WEST CANCER CENTER - SOUTHAVEN","7668 AIRWAYS BLVD","SOUTHAVEN","MS","38671",NA
"https://nccs-efile.s3.us-east-1.amazonaws.com/xml/201943199349300949","620479367","METHODIST HEALTHCARE - MEMPHIS HOSPITALS","2018","990","https://nccs-efile.s3.us-east-1.amazonaws.com/xml/201943199349300949_public.xml","SPECIALISTS","3 - SUTHERLAND CARDIOLOGY CLINIC","7460 WOLF RIVER BLVD","GERMANTOWN","TN","38138",NA
"https://nccs-efile.s3.us-east-1.amazonaws.com/xml/201943199349300949","620479367","METHODIST HEALTHCARE - MEMPHIS HOSPITALS","2018","990","https://nccs-efile.s3.us-east-1.amazonaws.com/xml/201943199349300949_public.xml","SPECIALISTS","4 - UT METHODIST PHYSICIANS CARDIOLOGY - 1211","1211 UNION AVENUE SUITE 965","MEMPHIS","TN","38104",NA
"https://nccs-efile.s3.us-east-1.amazonaws.com/xml/201943199349300949","620479367","METHODIST HEALTHCARE - MEMPHIS HOSPITALS","2018","990","https://nccs-efile.s3.us-east-1.amazonaws.com/xml/201943199349300949_public.xml","CANCER TREATMENT CENTERS","5 - METHODIST GERMANTOWN RADIATION ONCOLOGY CE","7945 WOLF RIVER BLVD","GERMANTOWN","TN","38138",NA
"https://nccs-efile.s3.us-east-1.amazonaws.com/xml/201943199349300949","620479367","METHODIST HEALTHCARE - MEMPHIS HOSPITALS","2018","990","https://nccs-efile.s3.us-east-1.amazonaws.com/xml/201943199349300949_public.xml","CANCER TREATMENT CENTERS","6 - WEST CANCER CENTER","7945 WOLF RIVER BLVD","GERMANTOWN","TN","38138",NA
"https://nccs-efile.s3.us-east-1.amazonaws.com/xml/201943199349300949","620479367","METHODIST HEALTHCARE - MEMPHIS HOSPITALS","2018","990","https://nccs-efile.s3.us-east-1.amazonaws.com/xml/201943199349300949_public.xml","MYMD CLINICS","7 - METHODIST MEDICAL GROUP - 3725 CHAMPION HI","3725 CHAMPION HILLS DR 2000","MEMPHIS","TN","38125",NA
"https://nccs-efile.s3.us-east-1.amazonaws.com/xml/201943199349300949","620479367","METHODIST HEALTHCARE - MEMPHIS HOSPITALS","2018","990","https://nccs-efile.s3.us-east-1.amazonaws.com/xml/201943199349300949_public.xml","IMAGING & DIAGNOSTIC CENTER","8 - METHODIST DIAGNOSTIC CENTER - MIDTOWN","1801 UNION AVENUE","MEMPHIS","TN","38104",NA
"https://nccs-efile.s3.us-east-1.amazonaws.com/xml/201943199349300949","620479367","METHODIST HEALTHCARE - MEMPHIS HOSPITALS","2018","990","https://nccs-efile.s3.us-east-1.amazonaws.com/xml/201943199349300949_public.xml","MYMD CLINICS","9 - METHODIST MEDICAL GROUP - 8115 COUNTRY VIL","8115 COUNTRY VILLAGE","CORDOVA","TN","38016",NA
"https://nccs-efile.s3.us-east-1.amazonaws.com/xml/201943199349300949","620479367","METHODIST HEALTHCARE - MEMPHIS HOSPITALS","2018","990","https://nccs-efile.s3.us-east-1.amazonaws.com/xml/201943199349300949_public.xml","CANCER TREATMENT CENTERS","10 - WEST CANCER CENTER - BRIGHTON","240 GRANDVIEW DR","BRIGHTON","TN","38011",NA
"https://nccs-efile.s3.us-east-1.amazonaws.com/xml/201943199349300949","620479367","METHODIST HEALTHCARE - MEMPHIS HOSPITALS","2018","990","https://nccs-efile.s3.us-east-1.amazonaws.com/xml/201943199349300949_public.xml","IMAGING & DIAGNOSTIC CENTER","11 - MARGARET WEST COMPREHENSIVE BREAST CENTER","7945 WOLF RIVER BLVD","GERMANTOWN","TN","38138",NA
"https://nccs-efile.s3.us-east-1.amazonaws.com/xml/201943199349300949","620479367","METHODIST HEALTHCARE - MEMPHIS HOSPITALS","2018","990","https://nccs-efile.s3.us-east-1.amazonaws.com/xml/201943199349300949_public.xml","SPECIALISTS","12 - UT METHODIST PHYSICIANS CARDIOLOGY - 900 N","900 N 7TH STREET","WEST MEMPHIS","AR","72301",NA
"https://nccs-efile.s3.us-east-1.amazonaws.com/xml/201943199349300949","620479367","METHODIST HEALTHCARE - MEMPHIS HOSPITALS","2018","990","https://nccs-efile.s3.us-east-1.amazonaws.com/xml/201943199349300949_public.xml","SPECIALISTS","13 - GERMANTOWN INTERNAL MEDICINE ASSOCIATES","6401 POPLAR AVE 530","MEMPHIS","TN","38119",NA
"https://nccs-efile.s3.us-east-1.amazonaws.com/xml/201943199349300949","620479367","METHODIST HEALTHCARE - MEMPHIS HOSPITALS","2018","990","https://nccs-efile.s3.us-east-1.amazonaws.com/xml/201943199349300949_public.xml","MYMD CLINICS","14 - METHODIST MEDICAL GROUP - 6570 SUMMER OAKS","6570 SUMMER OAKS COVE","BARTLETT","TN","38134",NA
"https://nccs-efile.s3.us-east-1.amazonaws.com/xml/201943199349300949","620479367","METHODIST HEALTHCARE - MEMPHIS HOSPITALS","2018","990","https://nccs-efile.s3.us-east-1.amazonaws.com/xml/201943199349300949_public.xml","MYMD CLINICS","15 - METHODIST MEDICAL GROUP - 1533 UNION","1533 UNION AVE","MEMPHIS","TN","38104",NA
"https://nccs-efile.s3.us-east-1.amazonaws.com/xml/201943199349300949","620479367","METHODIST HEALTHCARE - MEMPHIS HOSPITALS","2018","990","https://nccs-efile.s3.us-east-1.amazonaws.com/xml/201943199349300949_public.xml","MYMD CLINICS","16 - METHODIST MEDICAL GROUP - 9047 POPLAR","9047 POPLAR AVE 105","GERMANTOWN","TN","38138",NA
"https://nccs-efile.s3.us-east-1.amazonaws.com/xml/201943199349300949","620479367","METHODIST HEALTHCARE - MEMPHIS HOSPITALS","2018","990","https://nccs-efile.s3.us-east-1.amazonaws.com/xml/201943199349300949_public.xml","MYMD CLINICS","17 - METHODIST MEDICAL GROUP - 1325 EASTMORELAN","1325 EASTMORELAND 150","MEMPHIS","TN","38104",NA
"https://nccs-efile.s3.us-east-1.amazonaws.com/xml/201943199349300949","620479367","METHODIST HEALTHCARE - MEMPHIS HOSPITALS","2018","990","https://nccs-efile.s3.us-east-1.amazonaws.com/xml/201943199349300949_public.xml","MINOR MEDICAL CENTER","18 - URGENT CARE (LE BONHEUR) - MEMPHIS","8071 WINCHESTER RD","MEMPHIS","TN","38125",NA
"https://nccs-efile.s3.us-east-1.amazonaws.com/xml/201943199349300949","620479367","METHODIST HEALTHCARE - MEMPHIS HOSPITALS","2018","990","https://nccs-efile.s3.us-east-1.amazonaws.com/xml/201943199349300949_public.xml","MYMD CLINICS","19 - METHODIST MEDICAL GROUP - 6401 POPLAR STE","6401 POPLAR AVE 400","MEMPHIS","TN","38119",NA
"https://nccs-efile.s3.us-east-1.amazonaws.com/xml/201943199349300949","620479367","METHODIST HEALTHCARE - MEMPHIS HOSPITALS","2018","990","https://nccs-efile.s3.us-east-1.amazonaws.com/xml/201943199349300949_public.xml","SPECIALISTS","20 - UT METHODIST PHYSICIANS TRANSPLANT","1265 UNION AVENUE SHERARD WING 1ST","MEMPHIS","TN","38104","FLOOR"
"https://nccs-efile.s3.us-east-1.amazonaws.com/xml/201943199349300949","620479367","METHODIST HEALTHCARE - MEMPHIS HOSPITALS","2018","990","https://nccs-efile.s3.us-east-1.amazonaws.com/xml/201943199349300949_public.xml","MYMD CLINICS","21 - METHODIST MEDICAL GROUP - 3590 NEW COVINGT","3950 NEW COVINGTON PIKE 110","MEMPHIS","TN","38128",NA
"https://nccs-efile.s3.us-east-1.amazonaws.com/xml/201943199349300949","620479367","METHODIST HEALTHCARE - MEMPHIS HOSPITALS","2018","990","https://nccs-efile.s3.us-east-1.amazonaws.com/xml/201943199349300949_public.xml","MYMD CLINICS","22 - METHODIST MEDICAL GROUP - 1325 EASTMORELAN","1325 EASTMORELAND AVENUE SUITE 245","MEMPHIS","TN","38104",NA
"https://nccs-efile.s3.us-east-1.amazonaws.com/xml/201943199349300949","620479367","METHODIST HEALTHCARE - MEMPHIS HOSPITALS","2018","990","https://nccs-efile.s3.us-east-1.amazonaws.com/xml/201943199349300949_public.xml","MYMD CLINICS","23 - UT METHODIST PHYSICIANS - PRIMARY CARE","57 GERMANTOWN COURT SUITE 100","MEMPHIS","TN","38018",NA
"https://nccs-efile.s3.us-east-1.amazonaws.com/xml/201943199349300949","620479367","METHODIST HEALTHCARE - MEMPHIS HOSPITALS","2018","990","https://nccs-efile.s3.us-east-1.amazonaws.com/xml/201943199349300949_public.xml","MYMD CLINICS","24 - METHODIST MEDICAL GROUP - 5182 SANDERLIN","5182 SANDERLIN 3","MEMPHIS","TN","38117",NA
"https://nccs-efile.s3.us-east-1.amazonaws.com/xml/201943199349300949","620479367","METHODIST HEALTHCARE - MEMPHIS HOSPITALS","2018","990","https://nccs-efile.s3.us-east-1.amazonaws.com/xml/201943199349300949_public.xml","IMAGING & DIAGNOSTIC CENTER","25 - METHODIST DIAGNOSTIC CENTER - GERMANTOWN","1377 S GERMANTOWN RD","GERMANTOWN","TN","38138",NA
"https://nccs-efile.s3.us-east-1.amazonaws.com/xml/201943199349300949","620479367","METHODIST HEALTHCARE - MEMPHIS HOSPITALS","2018","990","https://nccs-efile.s3.us-east-1.amazonaws.com/xml/201943199349300949_public.xml","MYMD CLINICS","26 - METHODIST MEDICAL GROUP - 1880 OLD HWY 51","1880 OLD HIGHWAY 51 S SUITE C","BRIGHTON","TN","38011",NA
"https://nccs-efile.s3.us-east-1.amazonaws.com/xml/201943199349300949","620479367","METHODIST HEALTHCARE - MEMPHIS HOSPITALS","2018","990","https://nccs-efile.s3.us-east-1.amazonaws.com/xml/201943199349300949_public.xml","MYMD CLINICS","27 - METHODIST MEDICAL GROUP - 7690 WOLF RIVER","7690 WOLF RIVER CIRCLE","GERMANTOWN","TN","38138",NA
"https://nccs-efile.s3.us-east-1.amazonaws.com/xml/201943199349300949","620479367","METHODIST HEALTHCARE - MEMPHIS HOSPITALS","2018","990","https://nccs-efile.s3.us-east-1.amazonaws.com/xml/201943199349300949_public.xml","MYMD CLINICS","28 - METHODIST MEDICAL GROUP - 3789 COVINGTON P","3789 COVINGTON PIKE","BARTLETT","TN","38135",NA
"https://nccs-efile.s3.us-east-1.amazonaws.com/xml/201943199349300949","620479367","METHODIST HEALTHCARE - MEMPHIS HOSPITALS","2018","990","https://nccs-efile.s3.us-east-1.amazonaws.com/xml/201943199349300949_public.xml","MYMD CLINICS","29 - METHODIST MEDICAL GROUP - 7550 WOLF RIVER","7550 WOLF RIVER BLVD 103","GERMANTOWN","TN","38138",NA
"https://nccs-efile.s3.us-east-1.amazonaws.com/xml/201943199349300949","620479367","METHODIST HEALTHCARE - MEMPHIS HOSPITALS","2018","990","https://nccs-efile.s3.us-east-1.amazonaws.com/xml/201943199349300949_public.xml","IMAGING & DIAGNOSTIC CENTER","30 - METHODIST DIAGNOSTIC CENTER - NORTH","3950 NEW COVINGTON PIKE SUITE 115","MEMPHIS","TN","38128",NA
"https://nccs-efile.s3.us-east-1.amazonaws.com/xml/201943199349300949","620479367","METHODIST HEALTHCARE - MEMPHIS HOSPITALS","2018","990","https://nccs-efile.s3.us-east-1.amazonaws.com/xml/201943199349300949_public.xml","MYMD CLINICS","31 - METHODIST MEDICAL GROUP - 76 CAPITAL WAY","76 CAPITAL WAY COVE SUITE C","ATOKA","TN","38004",NA
"https://nccs-efile.s3.us-east-1.amazonaws.com/xml/201943199349300949","620479367","METHODIST HEALTHCARE - MEMPHIS HOSPITALS","2018","990","https://nccs-efile.s3.us-east-1.amazonaws.com/xml/201943199349300949_public.xml","SPECIALISTS","32 - METHODIST MEDICAL GROUP - RHEUMATOLOGY","1211 UNION STE 200","MEMPHIS","TN","38104",NA
"https://nccs-efile.s3.us-east-1.amazonaws.com/xml/201943199349300949","620479367","METHODIST HEALTHCARE - MEMPHIS HOSPITALS","2018","990","https://nccs-efile.s3.us-east-1.amazonaws.com/xml/201943199349300949_public.xml","MYMD CLINICS","33 - METHODIST MEDICAL GROUP - 2589 APPLING","2589 APPLING RD 101","BARTLETT","TN","38133",NA
"https://nccs-efile.s3.us-east-1.amazonaws.com/xml/201943199349300949","620479367","METHODIST HEALTHCARE - MEMPHIS HOSPITALS","2018","990","https://nccs-efile.s3.us-east-1.amazonaws.com/xml/201943199349300949_public.xml","MYMD CLINICS","34 - METHODIST MEDICAL GROUP - 2961 CANADA","2961 CANADA RD 105","LAKELAND","TN","38002",NA
"https://nccs-efile.s3.us-east-1.amazonaws.com/xml/201943199349300949","620479367","METHODIST HEALTHCARE - MEMPHIS HOSPITALS","2018","990","https://nccs-efile.s3.us-east-1.amazonaws.com/xml/201943199349300949_public.xml","MYMD CLINICS","35 - METHODIST MEDICAL GROUP - 1264 WESLEY STE","1264 WESLEY DR 606","MEMPHIS","TN","38116",NA
"https://nccs-efile.s3.us-east-1.amazonaws.com/xml/201943199349300949","620479367","METHODIST HEALTHCARE - MEMPHIS HOSPITALS","2018","990","https://nccs-efile.s3.us-east-1.amazonaws.com/xml/201943199349300949_public.xml","WOUND HEALING CENTER","36 - SOUTH WOUND HEALING CENTER","1251 WESLEY DR 107","MEMPHIS","TN","38116",NA
"https://nccs-efile.s3.us-east-1.amazonaws.com/xml/201943199349300949","620479367","METHODIST HEALTHCARE - MEMPHIS HOSPITALS","2018","990","https://nccs-efile.s3.us-east-1.amazonaws.com/xml/201943199349300949_public.xml","IMAGING & DIAGNOSTIC CENTER","37 - MARGARET WEST COMPREHENSIVE BREAST CENTER","1801 UNION AVE","MEMPHIS","TN","38104",NA
"https://nccs-efile.s3.us-east-1.amazonaws.com/xml/201943199349300949","620479367","METHODIST HEALTHCARE - MEMPHIS HOSPITALS","2018","990","https://nccs-efile.s3.us-east-1.amazonaws.com/xml/201943199349300949_public.xml","IMAGING & DIAGNOSTIC CENTER","38 - MARGARET WEST SCREENING BREAST CENTER","1381 S GERMANTOWN RD","GERMANTOWN","TN","38138",NA
"https://nccs-efile.s3.us-east-1.amazonaws.com/xml/201943199349300949","620479367","METHODIST HEALTHCARE - MEMPHIS HOSPITALS","2018","990","https://nccs-efile.s3.us-east-1.amazonaws.com/xml/201943199349300949_public.xml","SPECIALISTS","39 - UT METHODIST PHYSICIANS SURGICAL ONCOLOGY","7945 WOLF RIVER BOULEVARD SUITE 280","GERMANTOWN","TN","38138",NA
"https://nccs-efile.s3.us-east-1.amazonaws.com/xml/201943199349300949","620479367","METHODIST HEALTHCARE - MEMPHIS HOSPITALS","2018","990","https://nccs-efile.s3.us-east-1.amazonaws.com/xml/201943199349300949_public.xml","WOUND HEALING CENTER","40 - NORTH WOUND HEALING CENTER","3950 NEW COVINGTON PIKE SUITE 350","MEMPHIS","TN","38128",NA
"https://nccs-efile.s3.us-east-1.amazonaws.com/xml/201943199349300949","620479367","METHODIST HEALTHCARE - MEMPHIS HOSPITALS","2018","990","https://nccs-efile.s3.us-east-1.amazonaws.com/xml/201943199349300949_public.xml","MYMD CLINICS","41 - METHODIST MEDICAL GROUP - 3473 POPLAR","3473 POPLAR AVE 103","MEMPHIS","TN","38111",NA
"https://nccs-efile.s3.us-east-1.amazonaws.com/xml/201943199349300949","620479367","METHODIST HEALTHCARE - MEMPHIS HOSPITALS","2018","990","https://nccs-efile.s3.us-east-1.amazonaws.com/xml/201943199349300949_public.xml","SLEEP DISORDER CENTER","42 - METHODIST SLEEP DISORDERS CENTER","5050 POPLAR AVE 300","MEMPHIS","TN","38157",NA
"https://nccs-efile.s3.us-east-1.amazonaws.com/xml/201943199349300949","620479367","METHODIST HEALTHCARE - MEMPHIS HOSPITALS","2018","990","https://nccs-efile.s3.us-east-1.amazonaws.com/xml/201943199349300949_public.xml","MYMD CLINICS","43 - METHODIST MEDICAL GROUP - 7655 POPLAR","7655 POPLAR AVENUE SUITE 140","GERMANTOWN","TN","38138",NA
"https://nccs-efile.s3.us-east-1.amazonaws.com/xml/201943199349300949","620479367","METHODIST HEALTHCARE - MEMPHIS HOSPITALS","2018","990","https://nccs-efile.s3.us-east-1.amazonaws.com/xml/201943199349300949_public.xml","SPECIALISTS","44 - METHODIST MEDICAL GROUP - GENERAL SURGERY","7705 POPLAR AVENUE BLDG B SUITE 310","GERMANTOWN","TN","38138",NA
"https://nccs-efile.s3.us-east-1.amazonaws.com/xml/201943199349300949","620479367","METHODIST HEALTHCARE - MEMPHIS HOSPITALS","2018","990","https://nccs-efile.s3.us-east-1.amazonaws.com/xml/201943199349300949_public.xml","MYMD CLINICS","45 - METHODIST UNIVERSITY SPECIALTY CLINIC","1325 EASTMORELAND 101","MEMPHIS","TN","38104",NA
"https://nccs-efile.s3.us-east-1.amazonaws.com/xml/201943199349300949","620479367","METHODIST HEALTHCARE - MEMPHIS HOSPITALS","2018","990","https://nccs-efile.s3.us-east-1.amazonaws.com/xml/201943199349300949_public.xml","SPECIALISTS","46 - MEMPHIS SHOULDER AND ORTHOPEDIC SURGERY","1264 WESLEY DR 302","MEMPHIS","TN","38116",NA
"https://nccs-efile.s3.us-east-1.amazonaws.com/xml/201943199349300949","620479367","METHODIST HEALTHCARE - MEMPHIS HOSPITALS","2018","990","https://nccs-efile.s3.us-east-1.amazonaws.com/xml/201943199349300949_public.xml","SPECIALISTS","47 - UT METHODIST PHYSICIANS HEAD & NECK SURGER","7945 WOLF RIVER BOULEVARD SUITE 220","GERMANTOWN","TN","38138",NA
"https://nccs-efile.s3.us-east-1.amazonaws.com/xml/201943199349300949","620479367","METHODIST HEALTHCARE - MEMPHIS HOSPITALS","2018","990","https://nccs-efile.s3.us-east-1.amazonaws.com/xml/201943199349300949_public.xml","SPECIALISTS","48 - UT METHODIST PHYSICIANS VASCULAR SURGERY -","1325 EASTMORELAND AVENUE SUITE 310","MEMPHIS","TN","38104",NA
"https://nccs-efile.s3.us-east-1.amazonaws.com/xml/201943199349300949","620479367","METHODIST HEALTHCARE - MEMPHIS HOSPITALS","2018","990","https://nccs-efile.s3.us-east-1.amazonaws.com/xml/201943199349300949_public.xml","SPECIALISTS","49 - SOUTHWIND ENDOSCOPY CENTER","3725 CHAMPION HILLS DR STE 2400","MEMPHIS","TN","38125",NA
"https://nccs-efile.s3.us-east-1.amazonaws.com/xml/201943199349300949","620479367","METHODIST HEALTHCARE - MEMPHIS HOSPITALS","2018","990","https://nccs-efile.s3.us-east-1.amazonaws.com/xml/201943199349300949_public.xml","SPECIALISTS","50 - METHODIST MEDICAL GROUP - ENDOCRINOLOGY","6401 POPLAR AVE SUITE 400","MEMPHIS","TN","38119",NA
"https://nccs-efile.s3.us-east-1.amazonaws.com/xml/201943199349300949","620479367","METHODIST HEALTHCARE - MEMPHIS HOSPITALS","2018","990","https://nccs-efile.s3.us-east-1.amazonaws.com/xml/201943199349300949_public.xml","SPECIALISTS","51 - IAN GAILLARD MD","3725 CHAMPION HILLS DRIVE SUITE","MEMPHIS","TN","38125","2000"
"https://nccs-efile.s3.us-east-1.amazonaws.com/xml/201943199349300949","620479367","METHODIST HEALTHCARE - MEMPHIS HOSPITALS","2018","990","https://nccs-efile.s3.us-east-1.amazonaws.com/xml/201943199349300949_public.xml","SPECIALISTS","52 - UT METHODIST PHYSICIANS HEAD & NECK SURGER","1211 UNION AVENUE SUITE 300","MEMPHIS","TN","38104",NA
"https://nccs-efile.s3.us-east-1.amazonaws.com/xml/201943199349300949","620479367","METHODIST HEALTHCARE - MEMPHIS HOSPITALS","2018","990","https://nccs-efile.s3.us-east-1.amazonaws.com/xml/201943199349300949_public.xml","SPECIALISTS","53 - UT METHODIST PHYSICIANS HEAD & NECK SURGER","1325 EASTMORELAND SUITE 260","MEMPHIS","TN","38104",NA
"https://nccs-efile.s3.us-east-1.amazonaws.com/xml/201943199349300949","620479367","METHODIST HEALTHCARE - MEMPHIS HOSPITALS","2018","990","https://nccs-efile.s3.us-east-1.amazonaws.com/xml/201943199349300949_public.xml","SPECIALISTS","54 - UT METHODIST PHYSICIANS ENDOCRINOLOGY - 12","1251 WESLEY DRIVE SUITE 151","MEMPHIS","TN","38116",NA
"https://nccs-efile.s3.us-east-1.amazonaws.com/xml/201943199349300949","620479367","METHODIST HEALTHCARE - MEMPHIS HOSPITALS","2018","990","https://nccs-efile.s3.us-east-1.amazonaws.com/xml/201943199349300949_public.xml","IMAGING & DIAGNOSTIC CENTER","55 - LE BONHEUR CHILDREN'S OUTPATIENT CENTER EA","100 N HUMPHREYS BLVD","MEMPHIS","TN","38120",NA
"https://nccs-efile.s3.us-east-1.amazonaws.com/xml/201943199349300949","620479367","METHODIST HEALTHCARE - MEMPHIS HOSPITALS","2018","990","https://nccs-efile.s3.us-east-1.amazonaws.com/xml/201943199349300949_public.xml","SPECIALISTS","56 - UT METHODIST PHYSICIANS GASTROENTEROLOGY -","1325 EASTMORELAND AVENUE SUITE 370","MEMPHIS","TN","38104",NA
"https://nccs-efile.s3.us-east-1.amazonaws.com/xml/201943199349300949","620479367","METHODIST HEALTHCARE - MEMPHIS HOSPITALS","2018","990","https://nccs-efile.s3.us-east-1.amazonaws.com/xml/201943199349300949_public.xml","SPECIALISTS","57 - UT METHODIST PHYSICIANS ENDOCRINOLOGY - 13","1325 EASTMORELAND AVENUE SUITE 370","MEMPHIS","TN","38104",NA
"https://nccs-efile.s3.us-east-1.amazonaws.com/xml/201943199349300949","620479367","METHODIST HEALTHCARE - MEMPHIS HOSPITALS","2018","990","https://nccs-efile.s3.us-east-1.amazonaws.com/xml/201943199349300949_public.xml","SPECIALISTS","58 - UT METHODIST PHYSICIANS SURGICAL ONCOLOGY","1211 UNION AVENUE SUITE 300","MEMPHIS","TN","38104",NA
"https://nccs-efile.s3.us-east-1.amazonaws.com/xml/201943199349300949","620479367","METHODIST HEALTHCARE - MEMPHIS HOSPITALS","2018","990","https://nccs-efile.s3.us-east-1.amazonaws.com/xml/201943199349300949_public.xml","SPECIALISTS","59 - SUTHERLAND CARDIOLOGY CLINIC","1211 UNION AVE SUITE 200","MEMPHIS","TN","38104",NA
"https://nccs-efile.s3.us-east-1.amazonaws.com/xml/201943199349300949","620479367","METHODIST HEALTHCARE - MEMPHIS HOSPITALS","2018","990","https://nccs-efile.s3.us-east-1.amazonaws.com/xml/201943199349300949_public.xml","SPECIALISTS","60 - METHODIST MEDICAL GROUP - GENERAL SURGERY","3950 NEW COVINGTON PIKE SUITE 200","MEMPHIS","TN","38128",NA
"https://nccs-efile.s3.us-east-1.amazonaws.com/xml/201943199349300949","620479367","METHODIST HEALTHCARE - MEMPHIS HOSPITALS","2018","990","https://nccs-efile.s3.us-east-1.amazonaws.com/xml/201943199349300949_public.xml","SPECIALISTS","61 - WOMENS HEALTH & WELLNESS CENTER","1251 WESLEY DRIVE SUITE 100","MEMPHIS","TN","38116",NA
"https://nccs-efile.s3.us-east-1.amazonaws.com/xml/201943199349300949","620479367","METHODIST HEALTHCARE - MEMPHIS HOSPITALS","2018","990","https://nccs-efile.s3.us-east-1.amazonaws.com/xml/201943199349300949_public.xml","SPECIALISTS","62 - METHODIST MEDICAL GROUP - GENERAL SURGERY","1264 WESLEY DR 304","MEMPHIS","TN","38116",NA
"https://nccs-efile.s3.us-east-1.amazonaws.com/xml/201943199349300949","620479367","METHODIST HEALTHCARE - MEMPHIS HOSPITALS","2018","990","https://nccs-efile.s3.us-east-1.amazonaws.com/xml/201943199349300949_public.xml","SPECIALISTS","63 - UT METHODIST PHYSICIANS INFECTIOUS DISEASE","1325 EASTMORELAND AVENUE SUITE 370","MEMPHIS","TN","38104",NA
"https://nccs-efile.s3.us-east-1.amazonaws.com/xml/201943199349300949","620479367","METHODIST HEALTHCARE - MEMPHIS HOSPITALS","2018","990","https://nccs-efile.s3.us-east-1.amazonaws.com/xml/201943199349300949_public.xml","SPECIALISTS","64 - UT METHODIST PHYSICIANS ENDOCRINOLOGY - 57","57 GERMANTOWN COURT SUITE 100","MEMPHIS","TN","38108",NA
"https://nccs-efile.s3.us-east-1.amazonaws.com/xml/201943199349300949","620479367","METHODIST HEALTHCARE - MEMPHIS HOSPITALS","2018","990","https://nccs-efile.s3.us-east-1.amazonaws.com/xml/201943199349300949_public.xml","SPECIALISTS","65 - UT METHODIST PHYSICIANS PULMONOLOGY","1325 EASTMORELAND AVENUE SUITE 370","MEMPHIS","TN","38104",NA
"https://nccs-efile.s3.us-east-1.amazonaws.com/xml/201943199349300949","620479367","METHODIST HEALTHCARE - MEMPHIS HOSPITALS","2018","990","https://nccs-efile.s3.us-east-1.amazonaws.com/xml/201943199349300949_public.xml","SPECIALISTS","66 - UT METHODIST PHYSICIANS GASTROENTEROLOGY -","57 GERMANTOWN COURT SUITE 100","MEMPHIS","TN","38108",NA
"https://nccs-efile.s3.us-east-1.amazonaws.com/xml/201943199349300949","620479367","METHODIST HEALTHCARE - MEMPHIS HOSPITALS","2018","990","https://nccs-efile.s3.us-east-1.amazonaws.com/xml/201943199349300949_public.xml","SPECIALISTS","67 - UT METHODIST PHYSICIANS THORACIC SURGERY -","1211 UNION AVENUE SUITE 300","MEMPHIS","TN","38104",NA
"https://nccs-efile.s3.us-east-1.amazonaws.com/xml/201943199349300949","620479367","METHODIST HEALTHCARE - MEMPHIS HOSPITALS","2018","990","https://nccs-efile.s3.us-east-1.amazonaws.com/xml/201943199349300949_public.xml","SPECIALISTS","68 - UT METHODIST PHYSICIANS GENERAL & MINIMALL","1325 EASTMORELAND AVENUE SUITE 370","MEMPHIS","TN","38104",NA
"https://nccs-efile.s3.us-east-1.amazonaws.com/xml/201943199349300949","620479367","METHODIST HEALTHCARE - MEMPHIS HOSPITALS","2018","990","https://nccs-efile.s3.us-east-1.amazonaws.com/xml/201943199349300949_public.xml","SPECIALISTS","69 - UT METHODIST PHYSICIANS THORACIC SURGERY -","7945 WOLF RIVER BOULEVARD SUITE 280","GERMANTOWN","TN","38138",NA
"https://nccs-efile.s3.us-east-1.amazonaws.com/xml/201943199349300949","620479367","METHODIST HEALTHCARE - MEMPHIS HOSPITALS","2018","990","https://nccs-efile.s3.us-east-1.amazonaws.com/xml/201943199349300949_public.xml","SPECIALISTS","70 - UT METHODIST PHYSICIANS CARDIOLOGY - 57 GE","57 GERMANTOWN COURT SUITE 100","MEMPHIS","TN","38108",NA
"https://nccs-efile.s3.us-east-1.amazonaws.com/xml/201943199349300949","620479367","METHODIST HEALTHCARE - MEMPHIS HOSPITALS","2018","990","https://nccs-efile.s3.us-east-1.amazonaws.com/xml/201943199349300949_public.xml","SPECIALISTS","71 - METHODIST MEDICAL GROUP - CARDIOVASCULAR S","7655 POPLAR AVE SUITE 350","GERMANTOWN","TN","38138",NA
"https://nccs-efile.s3.us-east-1.amazonaws.com/xml/201943199349300949","620479367","METHODIST HEALTHCARE - MEMPHIS HOSPITALS","2018","990","https://nccs-efile.s3.us-east-1.amazonaws.com/xml/201943199349300949_public.xml","SPECIALISTS","72 - METHODIST MEDICAL GROUP - CARDIOVASCULAR S","1325 EASTMORELAND AVE SUITE 365","MEMPHIS","TN","38104",NA
"https://nccs-efile.s3.us-east-1.amazonaws.com/xml/201943199349300949","620479367","METHODIST HEALTHCARE - MEMPHIS HOSPITALS","2018","990","https://nccs-efile.s3.us-east-1.amazonaws.com/xml/201943199349300949_public.xml","SPECIALISTS","73 - UT METHODIST PHYSICIANS VASCULAR SURGERY -","7655 POPLAR AVENUE SUITE 240","GERMANTOWN","TN","38138",NA
"https://nccs-efile.s3.us-east-1.amazonaws.com/xml/201943199349300949","620479367","METHODIST HEALTHCARE - MEMPHIS HOSPITALS","2018","990","https://nccs-efile.s3.us-east-1.amazonaws.com/xml/201943199349300949_public.xml","SPECIALISTS","74 - METHODIST MEDICAL GROUP - CARDIOVASCULAR S","3950 NEW COVINGTON PIKE SUITE 290","MEMPHIS","TN","38128",NA
"https://nccs-efile.s3.us-east-1.amazonaws.com/xml/201943199349300949","620479367","METHODIST HEALTHCARE - MEMPHIS HOSPITALS","2018","990","https://nccs-efile.s3.us-east-1.amazonaws.com/xml/201943199349300949_public.xml","SPECIALISTS","75 - UT METHODIST PHYSICIANS INFECTIOUS DISEASE","57 GERMANTOWN COURT SUITE 100","MEMPHIS","TN","38108",NA
"https://nccs-efile.s3.us-east-1.amazonaws.com/xml/201943199349300949","620479367","METHODIST HEALTHCARE - MEMPHIS HOSPITALS","2018","990","https://nccs-efile.s3.us-east-1.amazonaws.com/xml/201943199349300949_public.xml","SPECIALISTS","76 - ARRHYTHMIA CONSULTANTS PC","1211 UNION AVE SUITE 475","MEMPHIS","TN","38104",NA
"https://nccs-efile.s3.us-east-1.amazonaws.com/xml/201943199349300949","620479367","METHODIST HEALTHCARE - MEMPHIS HOSPITALS","2018","990","https://nccs-efile.s3.us-east-1.amazonaws.com/xml/201943199349300949_public.xml","SPECIALISTS","77 - UT METHODIST PHYSICIANS NEUROLOGY","1325 EASTMORELAND AVENUE SUITE 370","MEMPHIS","TN","38104",NA
"https://nccs-efile.s3.us-east-1.amazonaws.com/xml/201943199349300949","620479367","METHODIST HEALTHCARE - MEMPHIS HOSPITALS","2018","990","https://nccs-efile.s3.us-east-1.amazonaws.com/xml/201943199349300949_public.xml","SURGERY CENTER","78 - WOLF RIVER SURGERY CENTER","1325 WOLF PARK DR 101","GERMANTOWN","TN","38138",NA
"https://nccs-efile.s3.us-east-1.amazonaws.com/xml/201943199349300949","620479367","METHODIST HEALTHCARE - MEMPHIS HOSPITALS","2018","990","https://nccs-efile.s3.us-east-1.amazonaws.com/xml/201943199349300949_public.xml","SICKLE CELL CENTER","79 - METHODIST COMPREHENSIVE SICKLE CELL CENTER","1325 EASTMORELAND SUITE 101","MEMPHIS","TN","38104",NA
"https://nccs-efile.s3.us-east-1.amazonaws.com/xml/201943199349300949","620479367","METHODIST HEALTHCARE - MEMPHIS HOSPITALS","2018","990","https://nccs-efile.s3.us-east-1.amazonaws.com/xml/201943199349300949_public.xml","SPECIALISTS","80 - UT METHODIST PHYSICIANS THORACIC SURGERY -","7655 POPLAR AVENUE SUITE 240","GERMANTOWN","TN","38138",NA
"https://nccs-efile.s3.us-east-1.amazonaws.com/xml/201943199349300949","620479367","METHODIST HEALTHCARE - MEMPHIS HOSPITALS","2018","990","https://nccs-efile.s3.us-east-1.amazonaws.com/xml/201943199349300949_public.xml","SPECIALISTS","81 - UT METHODIST PHYSICIANS GENERAL & MINIMALL","3950 NEW COVINGTON PIKE SUITE 350","MEMPHIS","TN","38128",NA
"https://nccs-efile.s3.us-east-1.amazonaws.com/xml/201943199349300949","620479367","METHODIST HEALTHCARE - MEMPHIS HOSPITALS","2018","990","https://nccs-efile.s3.us-east-1.amazonaws.com/xml/201943199349300949_public.xml","SPECIALISTS","82 - UT METHODIST PHYSICIANS CARDIOLOGY - 3950","3950 NEW COVINGTON PIKE SUITE 220","MEMPHIS","TN","38128",NA
"https://nccs-efile.s3.us-east-1.amazonaws.com/xml/201943199349300949","620479367","METHODIST HEALTHCARE - MEMPHIS HOSPITALS","2018","990","https://nccs-efile.s3.us-east-1.amazonaws.com/xml/201943199349300949_public.xml","SPECIALISTS","83 - UT METHODIST PHYSICIANS CARDIOLOGY - 1251","1251 WESLEY DRIVE SUITE 153","MEMPHIS","TN","38116",NA
"https://nccs-efile.s3.us-east-1.amazonaws.com/xml/201943199349300949","620479367","METHODIST HEALTHCARE - MEMPHIS HOSPITALS","2018","990","https://nccs-efile.s3.us-east-1.amazonaws.com/xml/201943199349300949_public.xml","SPECIALISTS","84 - UT METHODIST PHYSICIANS WEIGHT MANAGEMENT","57 GERMANTOWN COURT SUITE 204","MEMPHIS","TN","38108",NA
"https://nccs-efile.s3.us-east-1.amazonaws.com/xml/201943199349300949","620479367","METHODIST HEALTHCARE - MEMPHIS HOSPITALS","2018","990","https://nccs-efile.s3.us-east-1.amazonaws.com/xml/201943199349300949_public.xml","SPECIALISTS","85 - UT METHODIST MEDICAL GROUP - 1251 WESLEY","1251 WESLEY DRIVE SUITE 100","MEMPHIS","TN","38116",NA
"https://nccs-efile.s3.us-east-1.amazonaws.com/xml/201943199349300949","620479367","METHODIST HEALTHCARE - MEMPHIS HOSPITALS","2018","990","https://nccs-efile.s3.us-east-1.amazonaws.com/xml/201943199349300949_public.xml","SPECIALISTS","86 - UT METHODIST PHYSICIANS SURGICAL ONCOLOGY","7705 POPLAR AVE SUITE 220","MEMPHIS","TN","38138",NA
"https://nccs-efile.s3.us-east-1.amazonaws.com/xml/202042269349300409","362604009","Ottawa Regional Hospital & Healthcare Center","2018","990","https://nccs-efile.s3.us-east-1.amazonaws.com/xml/202042269349300409_public.xml","OUTPATIENT MEDICAL AND DIAGNOSTIC SERVICES","OTTAWA REGIONAL MEDICAL CENTER INC","1614 EAST NORRIS DRIVE","OTTAWA","IL","61350",NA
"https://nccs-efile.s3.us-east-1.amazonaws.com/xml/202042269349300409","362604009","Ottawa Regional Hospital & Healthcare Center","2018","990","https://nccs-efile.s3.us-east-1.amazonaws.com/xml/202042269349300409_public.xml","RADIATION ONCOLOGY CENTER","RADIATION ONCOLOGY OF NORTHERN ILLINOIS","1200 STARFIRE DRIVE","OTTAWA","IL","61350",NA
"https://nccs-efile.s3.us-east-1.amazonaws.com/xml/202042269349300409","362604009","Ottawa Regional Hospital & Healthcare Center","2018","990","https://nccs-efile.s3.us-east-1.amazonaws.com/xml/202042269349300409_public.xml","POLYSYMNOGRAPHY LAB","OSF ST ELIZABETH MEDICAL CENTER SLEEP CT","1601 MERCURY CIRCLE SUITE 200","OTTAWA","IL","61350",NA
"https://nccs-efile.s3.us-east-1.amazonaws.com/xml/202042269349300409","362604009","Ottawa Regional Hospital & Healthcare Center","2018","990","https://nccs-efile.s3.us-east-1.amazonaws.com/xml/202042269349300409_public.xml","DIAGNOSTIC RADIOLOGY","OTTAWA MEDICAL CENTER RADIOLOGY SVCS","1614 EAST NORRIS DRIVE","OTTAWA","IL","61350",NA
"https://nccs-efile.s3.us-east-1.amazonaws.com/xml/202042269349300409","362604009","Ottawa Regional Hospital & Healthcare Center","2018","990","https://nccs-efile.s3.us-east-1.amazonaws.com/xml/202042269349300409_public.xml","OCCUPATIONAL HEALTH","OSF HEALTHCARE OTTAWA SOUTH","1640 FIRST AVE","OTTAWA","IL","61350",NA
"https://nccs-efile.s3.us-east-1.amazonaws.com/xml/202042269349300409","362604009","Ottawa Regional Hospital & Healthcare Center","2018","990","https://nccs-efile.s3.us-east-1.amazonaws.com/xml/202042269349300409_public.xml","EMERGENCY","OSF CENTER FOR HEALTH - STREATOR","111 SPRING STREET","STREATOR","IL","61364",NA
"https://nccs-efile.s3.us-east-1.amazonaws.com/xml/202042269349300409","362604009","Ottawa Regional Hospital & Healthcare Center","2018","990","https://nccs-efile.s3.us-east-1.amazonaws.com/xml/202042269349300409_public.xml","Cancer Center","Fox River Cancer Center","1200 Starfire Drive","Ottawa","IL","61350",NA
"https://nccs-efile.s3.us-east-1.amazonaws.com/xml/202012169349300546","381976271","MCLAREN BAY REGION","2018","990","https://nccs-efile.s3.us-east-1.amazonaws.com/xml/202012169349300546_public.xml","CARDIOVASCULAR JOINT VENTURE","1 - HURON VASCULAR SERVICES","1100 S VAN DYKE RD STE 700","BAD AXE","MI","48413",NA
"https://nccs-efile.s3.us-east-1.amazonaws.com/xml/202022109349300102","020280367","Androscoggin Valley Hospital Inc","2018","990","https://nccs-efile.s3.us-east-1.amazonaws.com/xml/202022109349300102_public.xml","Physician Practice Office","1 - AVH Surgical Associates","7 Page Hill Road","Berlin","NH","03570",NA
"https://nccs-efile.s3.us-east-1.amazonaws.com/xml/202022109349300102","020280367","Androscoggin Valley Hospital Inc","2018","990","https://nccs-efile.s3.us-east-1.amazonaws.com/xml/202022109349300102_public.xml","Outreach Clinic/Lab Services","2 - Androscoggin Valley Hospital","133 Pleasant Street","Berlin","NH","03570",NA
"https://nccs-efile.s3.us-east-1.amazonaws.com/xml/202022109349300102","020280367","Androscoggin Valley Hospital Inc","2018","990","https://nccs-efile.s3.us-east-1.amazonaws.com/xml/202022109349300102_public.xml","Outreach Clinic/Lab Services","3 - Androscoggin Valley Hospital","2 Broadway Avenue","Gorham","NH","03581",NA
"https://nccs-efile.s3.us-east-1.amazonaws.com/xml/202022109349300102","020280367","Androscoggin Valley Hospital Inc","2018","990","https://nccs-efile.s3.us-east-1.amazonaws.com/xml/202022109349300102_public.xml","Outreach Clinic/OB, Neurology, Orthopedic Rehab Services","4 - Androscoggin Valley Hospital","181 Corliss Lane","Colebrook","NH","03576",NA
"https://nccs-efile.s3.us-east-1.amazonaws.com/xml/202022109349300102","020280367","Androscoggin Valley Hospital Inc","2018","990","https://nccs-efile.s3.us-east-1.amazonaws.com/xml/202022109349300102_public.xml","Outreach Clinic/Rehab Services","5 - Androscoggin Valley Hospital","130 Main Street","Gorham","NH","03581",NA
"https://nccs-efile.s3.us-east-1.amazonaws.com/xml/202022109349300102","020280367","Androscoggin Valley Hospital Inc","2018","990","https://nccs-efile.s3.us-east-1.amazonaws.com/xml/202022109349300102_public.xml","Outreach Clinic/Sleep & ENT Services","6 - Androscoggin Valley Hospital","173 Middle Street","Lancaster","NH","03584",NA
"https://nccs-efile.s3.us-east-1.amazonaws.com/xml/202022109349300102","020280367","Androscoggin Valley Hospital Inc","2018","990","https://nccs-efile.s3.us-east-1.amazonaws.com/xml/202022109349300102_public.xml","Outreach Clinic/PT/Rehab","7 - NCH Outreach Clinic","167 Main Street","Gorham","NH","03581",NA
"https://nccs-efile.s3.us-east-1.amazonaws.com/xml/202022109349300102","020280367","Androscoggin Valley Hospital Inc","2018","990","https://nccs-efile.s3.us-east-1.amazonaws.com/xml/202022109349300102_public.xml","Outreach Clinic/ENT, Pain","8 - NCH Outreach Clinic","1976 White Mountain Highway","North Conway","NH","03860",NA
"https://nccs-efile.s3.us-east-1.amazonaws.com/xml/202031269349301348","352528741","Vanderbilt University Medical Center","2018","990","https://nccs-efile.s3.us-east-1.amazonaws.com/xml/202031269349301348_public.xml","Ambulatory Surgery Treatment Center","Ambulatory Surgery Center of Cool Springs LLC","2009 Mallory Lane Suite 100","Franklin","TN","37067",NA
"https://nccs-efile.s3.us-east-1.amazonaws.com/xml/202031269349301348","352528741","Vanderbilt University Medical Center","2018","990","https://nccs-efile.s3.us-east-1.amazonaws.com/xml/202031269349301348_public.xml","Ambulatory Surgery Treatment Center","Spring Hill Surgery Center LLC","1003 Reserve Blvd Suite 210","Spring Hill","TN","37174",NA
"https://nccs-efile.s3.us-east-1.amazonaws.com/xml/202031269349301348","352528741","Vanderbilt University Medical Center","2018","990","https://nccs-efile.s3.us-east-1.amazonaws.com/xml/202031269349301348_public.xml","Oncology Services","Vanderbilt-Maury Radiation Oncology LLC","1003 Reserve Boulevard","Spring Hill","TN","37174",NA
"https://nccs-efile.s3.us-east-1.amazonaws.com/xml/202031269349301348","352528741","Vanderbilt University Medical Center","2018","990","https://nccs-efile.s3.us-east-1.amazonaws.com/xml/202031269349301348_public.xml","Outpatient Diagnostic Center","One Hundred Oaks Imaging LLC","719 Thompson Lane","Nashville","TN","37204",NA
"https://nccs-efile.s3.us-east-1.amazonaws.com/xml/202031269349301348","352528741","Vanderbilt University Medical Center","2018","990","https://nccs-efile.s3.us-east-1.amazonaws.com/xml/202031269349301348_public.xml","Ambulatory Clinic","Vanderbilt Health & Williamson Medical Center Clinics and Services LLC","134 Pewitt Drive","Brentwood","TN","37027",NA
"https://nccs-efile.s3.us-east-1.amazonaws.com/xml/202031269349301348","352528741","Vanderbilt University Medical Center","2018","990","https://nccs-efile.s3.us-east-1.amazonaws.com/xml/202031269349301348_public.xml","Outpatient Diagnostic Center","Spring Hill Imaging Center LLC","5421 Main Street","Spring Hill","TN","37174",NA
"https://nccs-efile.s3.us-east-1.amazonaws.com/xml/202031269349301348","352528741","Vanderbilt University Medical Center","2018","990","https://nccs-efile.s3.us-east-1.amazonaws.com/xml/202031269349301348_public.xml","Outpatient Diagnostic Center","Williamson Imaging LLC (dba Cool Springs Imaging)","2009 Mallory Lane Suite 150","Franklin","TN","37067",NA
"https://nccs-efile.s3.us-east-1.amazonaws.com/xml/202031269349301348","352528741","Vanderbilt University Medical Center","2018","990","https://nccs-efile.s3.us-east-1.amazonaws.com/xml/202031269349301348_public.xml","Ambulatory Clinic","Vanderbilt Health & Williamson Medical Center Clinics and Services LLC","919 Murfreesboro Pike","Franklin","TN","37064",NA
"https://nccs-efile.s3.us-east-1.amazonaws.com/xml/202031269349301348","352528741","Vanderbilt University Medical Center","2018","990","https://nccs-efile.s3.us-east-1.amazonaws.com/xml/202031269349301348_public.xml","Oncology Services","Vanderbilt-Gateway Cancer Center GP","375 Alfred Thun Road","Clarksville","TN","37040",NA
"https://nccs-efile.s3.us-east-1.amazonaws.com/xml/202031269349301348","352528741","Vanderbilt University Medical Center","2018","990","https://nccs-efile.s3.us-east-1.amazonaws.com/xml/202031269349301348_public.xml","Ambulatory Surgery Treatment Center","Vanderbilt-Ingram Cancer Center Franklin","2107 Edward Curd Lane","Franklin","TN","37067",NA
"https://nccs-efile.s3.us-east-1.amazonaws.com/xml/202031269349301348","352528741","Vanderbilt University Medical Center","2018","990","https://nccs-efile.s3.us-east-1.amazonaws.com/xml/202031269349301348_public.xml","Outpatient Diagnostic Center","Vanderbilt Imaging Services LLC (dba Vanderbilt Imaging Belle Meade)","4525 Harding Road Suite 102","Nashville","TN","37232",NA
"https://nccs-efile.s3.us-east-1.amazonaws.com/xml/202031269349301348","352528741","Vanderbilt University Medical Center","2018","990","https://nccs-efile.s3.us-east-1.amazonaws.com/xml/202031269349301348_public.xml","Outpatient Diagnostic Center","Vanderbilt Imaging Services LLC (dba Hillsboro Imaging Services)","1909 Acklen Avenue","Nashville","TN","37212",NA
"https://nccs-efile.s3.us-east-1.amazonaws.com/xml/202031269349301348","352528741","Vanderbilt University Medical Center","2018","990","https://nccs-efile.s3.us-east-1.amazonaws.com/xml/202031269349301348_public.xml","Ambulatory Clinic","Vanderbilt Health & Williamson Medical Center Clinics and Services LLC","1834 West McEwen Dr Suite B","Franklin","TN","37067",NA
"https://nccs-efile.s3.us-east-1.amazonaws.com/xml/202031269349301348","352528741","Vanderbilt University Medical Center","2018","990","https://nccs-efile.s3.us-east-1.amazonaws.com/xml/202031269349301348_public.xml","Ambulatory Clinic","Vanderbilt Health & Williamson Medical Center Clinics and Services LLC","3098 Campbell Station Pkwy","Spring Hill","TN","37174",NA
"https://nccs-efile.s3.us-east-1.amazonaws.com/xml/202031269349301348","352528741","Vanderbilt University Medical Center","2018","990","https://nccs-efile.s3.us-east-1.amazonaws.com/xml/202031269349301348_public.xml","AMBULATORY CLINIC","Vanderbilt Health & Williamson Medical Center Clinics and Services LLC","940 Oldham Drive","Nolensville","TN","37135",NA
"https://nccs-efile.s3.us-east-1.amazonaws.com/xml/202031269349301348","352528741","Vanderbilt University Medical Center","2018","990","https://nccs-efile.s3.us-east-1.amazonaws.com/xml/202031269349301348_public.xml","AMBULATORY CLINIC","Retail Health Clinics LLC (DBA Vanderbilt Health Clinics)","7601 Highway 70 S","Bellevue","TN","37221",NA
"https://nccs-efile.s3.us-east-1.amazonaws.com/xml/202031269349301348","352528741","Vanderbilt University Medical Center","2018","990","https://nccs-efile.s3.us-east-1.amazonaws.com/xml/202031269349301348_public.xml","AMBULATORY CLINIC","Retail Health Clinics LLC (DBA Vanderbilt Health Clinics)","1954 Madison Street","Clarksville","TN","37043",NA
"https://nccs-efile.s3.us-east-1.amazonaws.com/xml/202031269349301348","352528741","Vanderbilt University Medical Center","2018","990","https://nccs-efile.s3.us-east-1.amazonaws.com/xml/202031269349301348_public.xml","AMBULATORY CLINIC","Retail Health Clinics LLC (DBA Vanderbilt Health Clinics)","9100 Carothers Pkwy","Franklin","TN","37067",NA
"https://nccs-efile.s3.us-east-1.amazonaws.com/xml/202031269349301348","352528741","Vanderbilt University Medical Center","2018","990","https://nccs-efile.s3.us-east-1.amazonaws.com/xml/202031269349301348_public.xml","AMBULATORY CLINIC","Retail Health Clinics LLC (DBA Vanderbilt Health Clinics)","585 Nashville Pike","Gallatin","TN","37066",NA
"https://nccs-efile.s3.us-east-1.amazonaws.com/xml/202031269349301348","352528741","Vanderbilt University Medical Center","2018","990","https://nccs-efile.s3.us-east-1.amazonaws.com/xml/202031269349301348_public.xml","AMBULATORY CLINIC","Retail Health Clinics LLC (DBA Vanderbilt Health Clinics)","198 E Main Street","Hendersonville","TN","37075",NA
"https://nccs-efile.s3.us-east-1.amazonaws.com/xml/202031269349301348","352528741","Vanderbilt University Medical Center","2018","990","https://nccs-efile.s3.us-east-1.amazonaws.com/xml/202031269349301348_public.xml","AMBULATORY CLINIC","Retail Health Clinics LLC (DBA Vanderbilt Health Clinics)","400 Tulip Grove Road","Hermitage","TN","37076",NA
"https://nccs-efile.s3.us-east-1.amazonaws.com/xml/202031269349301348","352528741","Vanderbilt University Medical Center","2018","990","https://nccs-efile.s3.us-east-1.amazonaws.com/xml/202031269349301348_public.xml","AMBULATORY CLINIC","Retail Health Clinics LLC (DBA Vanderbilt Health Clinics)","5000 Murfreesboro Road","Lavergne","TN","37086",NA
"https://nccs-efile.s3.us-east-1.amazonaws.com/xml/202031269349301348","352528741","Vanderbilt University Medical Center","2018","990","https://nccs-efile.s3.us-east-1.amazonaws.com/xml/202031269349301348_public.xml","AMBULATORY CLINIC","Retail Health Clinics LLC (DBA Vanderbilt Health Clinics)","1303 W Main Street","Lebanon","TN","37087",NA
"https://nccs-efile.s3.us-east-1.amazonaws.com/xml/202031269349301348","352528741","Vanderbilt University Medical Center","2018","990","https://nccs-efile.s3.us-east-1.amazonaws.com/xml/202031269349301348_public.xml","AMBULATORY CLINIC","Retail Health Clinics LLC (DBA Vanderbilt Health Clinics)","2401 Old Fort Pkwy","Murfreesboro","TN","37128",NA
"https://nccs-efile.s3.us-east-1.amazonaws.com/xml/202031269349301348","352528741","Vanderbilt University Medical Center","2018","990","https://nccs-efile.s3.us-east-1.amazonaws.com/xml/202031269349301348_public.xml","AMBULATORY CLINIC","Retail Health Clinics LLC (DBA Vanderbilt Health Clinics)","3500 Gallatin Pike","Nashville","TN","37216",NA
"https://nccs-efile.s3.us-east-1.amazonaws.com/xml/202031269349301348","352528741","Vanderbilt University Medical Center","2018","990","https://nccs-efile.s3.us-east-1.amazonaws.com/xml/202031269349301348_public.xml","AMBULATORY CLINIC","Retail Health Clinics LLC (DBA Vanderbilt Health Clinics)","5555 Edmondson Pike","Nashville","TN","37211",NA
"https://nccs-efile.s3.us-east-1.amazonaws.com/xml/202031269349301348","352528741","Vanderbilt University Medical Center","2018","990","https://nccs-efile.s3.us-east-1.amazonaws.com/xml/202031269349301348_public.xml","AMBULATORY CLINIC","Retail Health Clinics LLC (DBA Vanderbilt Health Clinics)","518 Donelson Pike","Nashville","TN","37214",NA
"https://nccs-efile.s3.us-east-1.amazonaws.com/xml/202031269349301348","352528741","Vanderbilt University Medical Center","2018","990","https://nccs-efile.s3.us-east-1.amazonaws.com/xml/202031269349301348_public.xml","AMBULATORY CLINIC","Retail Health Clinics LLC (DBA Vanderbilt Health Clinics)","4243 Harding Pike","Nashville","TN","37205",NA
"https://nccs-efile.s3.us-east-1.amazonaws.com/xml/202031269349301348","352528741","Vanderbilt University Medical Center","2018","990","https://nccs-efile.s3.us-east-1.amazonaws.com/xml/202031269349301348_public.xml","AMBULATORY CLINIC","Retail Health Clinics LLC (DBA Vanderbilt Health Clinics)","400 Sam Ridley Pkwy","Smyrna","TN","37167",NA
"https://nccs-efile.s3.us-east-1.amazonaws.com/xml/202031269349301348","352528741","Vanderbilt University Medical Center","2018","990","https://nccs-efile.s3.us-east-1.amazonaws.com/xml/202031269349301348_public.xml","End Stage Renal Dialysis","Vanderbilt Home Dialysis Clinic","2906 Foster Creighton Drive Suite 1","Nashville","TN","37204","00"
"https://nccs-efile.s3.us-east-1.amazonaws.com/xml/202031269349301348","352528741","Vanderbilt University Medical Center","2018","990","https://nccs-efile.s3.us-east-1.amazonaws.com/xml/202031269349301348_public.xml","End Stage Renal Dialysis","Vanderbilt Dialysis Clinic","2906 Foster Creighton Drive Suite 2","Nashville","TN","37214","00"
"https://nccs-efile.s3.us-east-1.amazonaws.com/xml/202031269349301348","352528741","Vanderbilt University Medical Center","2018","990","https://nccs-efile.s3.us-east-1.amazonaws.com/xml/202031269349301348_public.xml","End Stage Renal Dialysis","Vanderbilt University Medical Center Dialysis Clinic-East","20 Rachel Drive","Nashville","TN","37214",NA
"https://nccs-efile.s3.us-east-1.amazonaws.com/xml/201913199349310991","223452311","NEWARK BETH ISRAEL MEDICAL CENTER","2018","990","https://nccs-efile.s3.us-east-1.amazonaws.com/xml/201913199349310991_public.xml","HOSPITAL BASED OFF-SITE AMBULATORY CARE FACILITY","NBIMC SPECIALTY SERVICES AT EDISON","102 JAMES STREET","EDISON","NJ","08820",NA
"https://nccs-efile.s3.us-east-1.amazonaws.com/xml/201913199349310991","223452311","NEWARK BETH ISRAEL MEDICAL CENTER","2018","990","https://nccs-efile.s3.us-east-1.amazonaws.com/xml/201913199349310991_public.xml","HOSPITAL BASED, OFF-SITE AMBULATORY CARE FACILITY","NBIMC SPECIALTY PHYS PRACTICE BAYONNE","16 EAST 29TH STREET","BAYONNE","NJ","07002",NA
"https://nccs-efile.s3.us-east-1.amazonaws.com/xml/201913199349310991","223452311","NEWARK BETH ISRAEL MEDICAL CENTER","2018","990","https://nccs-efile.s3.us-east-1.amazonaws.com/xml/201913199349310991_public.xml","HOSPITAL BASED, OFF-SITE AMBULATORY CARE FACILITY","JAMES WHITE MANOR","516 BERGEN STREET","NEWARK","NJ","07108",NA
"https://nccs-efile.s3.us-east-1.amazonaws.com/xml/202042209349300119","030179423","Copley Hospital Inc","2018","990","https://nccs-efile.s3.us-east-1.amazonaws.com/xml/202042209349300119_public.xml","Outpatient Rehab Services","1 - Copley Hospital Inc","88 High Street","Hardwick","VT","05843",NA
"https://nccs-efile.s3.us-east-1.amazonaws.com/xml/202042209349300119","030179423","Copley Hospital Inc","2018","990","https://nccs-efile.s3.us-east-1.amazonaws.com/xml/202042209349300119_public.xml","Outpatient Rehab Services","2 - Stoweflake Resort","1746 Mountain Road","Stowe","VT","05672",NA
"https://nccs-efile.s3.us-east-1.amazonaws.com/xml/202042209349300119","030179423","Copley Hospital Inc","2018","990","https://nccs-efile.s3.us-east-1.amazonaws.com/xml/202042209349300119_public.xml","Outpatient Orthopaedic, Rehab and Radiology Services","3 - Mansfield Orthopaedics","555 Washington Highway","Morrisville","VT","05661",NA
"https://nccs-efile.s3.us-east-1.amazonaws.com/xml/202042209349300119","030179423","Copley Hospital Inc","2018","990","https://nccs-efile.s3.us-east-1.amazonaws.com/xml/202042209349300119_public.xml","Outpatient Orthopaedic, Radiology Services","4 - Mansfield Orthopaedics","6 North Main Street","Waterbury","VT","05676",NA
"https://nccs-efile.s3.us-east-1.amazonaws.com/xml/202011359349300211","582044503","MEADOWS REGIONAL MEDICAL CENTER INC","2018","990","https://nccs-efile.s3.us-east-1.amazonaws.com/xml/202011359349300211_public.xml","FREESTANDING RHC","RT STANLEY HEALTH CENTER LLC","110 RT STANLEY SR PLACE","LYONS","GA","30436",NA
"https://nccs-efile.s3.us-east-1.amazonaws.com/xml/202031979349303378","020222791","Alice Peck Day Memorial Hospital","2018","990","https://nccs-efile.s3.us-east-1.amazonaws.com/xml/202031979349303378_public.xml","Neurosurgery Physician Clinic","1 - Neurosurgery Services at APD (NSAPD)","106 Hanover Street","Lebanon","NH","03766",NA
"https://nccs-efile.s3.us-east-1.amazonaws.com/xml/202031979349303378","020222791","Alice Peck Day Memorial Hospital","2018","990","https://nccs-efile.s3.us-east-1.amazonaws.com/xml/202031979349303378_public.xml","Primary Care Physician Clinic","2 - RAM Center for Community Care","10 Alice Peck Day Drive","Lebanon","NH","03766",NA
"https://nccs-efile.s3.us-east-1.amazonaws.com/xml/202031979349303378","020222791","Alice Peck Day Memorial Hospital","2018","990","https://nccs-efile.s3.us-east-1.amazonaws.com/xml/202031979349303378_public.xml","Orthopaedic Physician Clinic","3 - APD Orthopaedic Clinic","10 Alice Peck Day Drive","Lebanon","NH","03766",NA
"https://nccs-efile.s3.us-east-1.amazonaws.com/xml/202031979349303378","020222791","Alice Peck Day Memorial Hospital","2018","990","https://nccs-efile.s3.us-east-1.amazonaws.com/xml/202031979349303378_public.xml","OB/GYN Physician Clinic","4 - Women's Care Center","10 Alice Peck Day Drive","Lebanon","NH","03766",NA
"https://nccs-efile.s3.us-east-1.amazonaws.com/xml/202031979349303378","020222791","Alice Peck Day Memorial Hospital","2018","990","https://nccs-efile.s3.us-east-1.amazonaws.com/xml/202031979349303378_public.xml","General Surgeon Clinic","5 - General Surgery Clinic","10 Alice Peck Day Drive","Lebanon","NH","03766",NA
"https://nccs-efile.s3.us-east-1.amazonaws.com/xml/202031979349303378","020222791","Alice Peck Day Memorial Hospital","2018","990","https://nccs-efile.s3.us-east-1.amazonaws.com/xml/202031979349303378_public.xml","Pain Management Clinic","6 - Pain Management Clinic","10 Alice Peck Day Drive","Lebanon","NH","03766",NA
"https://nccs-efile.s3.us-east-1.amazonaws.com/xml/202031979349303378","020222791","Alice Peck Day Memorial Hospital","2018","990","https://nccs-efile.s3.us-east-1.amazonaws.com/xml/202031979349303378_public.xml","Occupational Health Physician Clinic","7 - Occuptational Health Services","10 Alice Peck Day Drive","Lebanon","NH","03766",NA
"https://nccs-efile.s3.us-east-1.amazonaws.com/xml/201903189349304075","470796875","FAITH REGIONAL HEALTH SERVICES","2018","990","https://nccs-efile.s3.us-east-1.amazonaws.com/xml/201903189349304075_public.xml","SURGERY CENTER","1 - NORTHEAST NE SURGERY CENTER LLC","301 NORTH 27TH ST STE 3","NORFOLK","NE","68701",NA
"https://nccs-efile.s3.us-east-1.amazonaws.com/xml/201903189349304075","470796875","FAITH REGIONAL HEALTH SERVICES","2018","990","https://nccs-efile.s3.us-east-1.amazonaws.com/xml/201903189349304075_public.xml","IMAGING CENTER","2 - NORTHEAST NE IMAGING CENTER LLC","301 NORTH 27TH ST STE 15","NORFOLK","NE","68701",NA
"https://nccs-efile.s3.us-east-1.amazonaws.com/xml/201903189349304075","470796875","FAITH REGIONAL HEALTH SERVICES","2018","990","https://nccs-efile.s3.us-east-1.amazonaws.com/xml/201903189349304075_public.xml","SKILLED NURSING FACILITY","3 - ST JOSEPH REHABILITIATION & CARE CTR","401 N 18TH STREET","NORFOLK","NE","68701",NA
"https://nccs-efile.s3.us-east-1.amazonaws.com/xml/201903199349310985","752428911","METHODIST CHILDREN'S HOSPITAL","2018","990","https://nccs-efile.s3.us-east-1.amazonaws.com/xml/201903199349310985_public.xml","GENERAL MEDICAL & SURGICAL","JOE ARRINGTON CANCER RSCH & TRTM CENTER","4101 22ND PLACE","LUBBOCK","TX","79410",NA
"https://nccs-efile.s3.us-east-1.amazonaws.com/xml/201903199349310985","752428911","METHODIST CHILDREN'S HOSPITAL","2018","990","https://nccs-efile.s3.us-east-1.amazonaws.com/xml/201903199349310985_public.xml","GENERAL MEDICAL & SURGICAL","ARRINGTON COMPREHENSIVE BREAST CENTER","4101 22ND PLACE","LUBBOCK","TX","79410",NA
