"OBJECT_ID","EIN","NAME","TAXYR","FORMTYPE","URL","F9_08_REV_MISC_DESC","F9_08_REV_MISC_BIZCODE","F9_08_REV_MISC_TOT","F9_08_REV_MISC_RLTD","F9_08_REV_MISC_EXCL","F9_08_REV_MISC_UBIZ"
"https://nccs-efile.s3.us-east-1.amazonaws.com/xml/201910929349300506","411273335","GRACEVILLE RURAL RENTAL HOUSINGINC","2018","990","https://nccs-efile.s3.us-east-1.amazonaws.com/xml/201910929349300506_public.xml","OTHER INCOME","532000","1462","1462",NA,NA
"https://nccs-efile.s3.us-east-1.amazonaws.com/xml/201603199349307775","450432114","MINOT PUBLIC SCHOOL FOUNDATION","2015","990","https://nccs-efile.s3.us-east-1.amazonaws.com/xml/201603199349307775_public.xml","MISCELLANEOUS INCOME","900099","4268","4268",NA,NA
"https://nccs-efile.s3.us-east-1.amazonaws.com/xml/201532999349300313","226082849","COMMUNICATION WORKERS OF AMERICA","2014","990","https://nccs-efile.s3.us-east-1.amazonaws.com/xml/201532999349300313_public.xml","HEALTH & WELFARE DUES",NA,"402762","402762",NA,NA
"https://nccs-efile.s3.us-east-1.amazonaws.com/xml/201532999349300313","226082849","COMMUNICATION WORKERS OF AMERICA","2014","990","https://nccs-efile.s3.us-east-1.amazonaws.com/xml/201532999349300313_public.xml","PARKING INCOME",NA,"18818","18818",NA,NA
"https://nccs-efile.s3.us-east-1.amazonaws.com/xml/201532999349300313","226082849","COMMUNICATION WORKERS OF AMERICA","2014","990","https://nccs-efile.s3.us-east-1.amazonaws.com/xml/201532999349300313_public.xml","SCHOLARSHIP FUNCTIONS",NA,"17730","17730",NA,NA
"https://nccs-efile.s3.us-east-1.amazonaws.com/xml/201502049349301115","351760451","Indiana Youth Group Inc","2014","990","https://nccs-efile.s3.us-east-1.amazonaws.com/xml/201502049349301115_public.xml","Miscellaneous","624100","3084","3084",NA,NA
"https://nccs-efile.s3.us-east-1.amazonaws.com/xml/202021789349301502","391884257","VISION SOCCER ACADEMY OF WAUKEE","2018","990","https://nccs-efile.s3.us-east-1.amazonaws.com/xml/202021789349301502_public.xml","REBATES AND OTHER","713940","70404",NA,"70404",NA
"https://nccs-efile.s3.us-east-1.amazonaws.com/xml/202021789349301502","391884257","VISION SOCCER ACADEMY OF WAUKEE","2018","990","https://nccs-efile.s3.us-east-1.amazonaws.com/xml/202021789349301502_public.xml","QUALIFIED SPONSORSHIP","713940","32000",NA,"32000",NA
"https://nccs-efile.s3.us-east-1.amazonaws.com/xml/201901929349300410","450394445","MINOT ASSOCIATION OF BUILDERS","2018","990","https://nccs-efile.s3.us-east-1.amazonaws.com/xml/201901929349300410_public.xml","MISCELLANEOUS","900099","2200","2200",NA,NA
"https://nccs-efile.s3.us-east-1.amazonaws.com/xml/201630619349300718","870337442","UTAH TRIAL LAWYERS ASSOCIATION INC","2014","990","https://nccs-efile.s3.us-east-1.amazonaws.com/xml/201630619349300718_public.xml","WINTER & NON WINTER JOURNAL","541800","10830",NA,NA,"10830"
"https://nccs-efile.s3.us-east-1.amazonaws.com/xml/201630619349300718","870337442","UTAH TRIAL LAWYERS ASSOCIATION INC","2014","990","https://nccs-efile.s3.us-east-1.amazonaws.com/xml/201630619349300718_public.xml","MISCELLANEOUS INCOME",NA,"1200","1200",NA,NA
"https://nccs-efile.s3.us-east-1.amazonaws.com/xml/201630619349300718","870337442","UTAH TRIAL LAWYERS ASSOCIATION INC","2014","990","https://nccs-efile.s3.us-east-1.amazonaws.com/xml/201630619349300718_public.xml","NON-CLE EVENT INCOME",NA,"600","600",NA,NA
"https://nccs-efile.s3.us-east-1.amazonaws.com/xml/201723199349301592","223183508","FERNCLIF HOUSING DEVELOPMENT FUND","2016","990","https://nccs-efile.s3.us-east-1.amazonaws.com/xml/201723199349301592_public.xml","OTHER REVENUE","900099","302","302",NA,NA
"https://nccs-efile.s3.us-east-1.amazonaws.com/xml/201741359349301804","363850120","WEBSTER COUNTY COMMUNITY","2016","990","https://nccs-efile.s3.us-east-1.amazonaws.com/xml/201741359349301804_public.xml","INVESTMENT IN NPG",NA,"3103","3103",NA,NA
"https://nccs-efile.s3.us-east-1.amazonaws.com/xml/201741359349301804","363850120","WEBSTER COUNTY COMMUNITY","2016","990","https://nccs-efile.s3.us-east-1.amazonaws.com/xml/201741359349301804_public.xml","UBI - NPG","423000","189",NA,NA,"189"
"https://nccs-efile.s3.us-east-1.amazonaws.com/xml/201603269349300860","752047906","NATIONAL COUNCIL FOR THERAPEUTIC","2015","990","https://nccs-efile.s3.us-east-1.amazonaws.com/xml/201603269349300860_public.xml","Sale of Mailing List",NA,"2348",NA,"2348",NA
"https://nccs-efile.s3.us-east-1.amazonaws.com/xml/201723129349302882","263430115","ST CLARAS MANOR INC","2016","990","https://nccs-efile.s3.us-east-1.amazonaws.com/xml/201723129349302882_public.xml","ACTIVITY FUND, VEND & MIS","721000","9","9",NA,NA
"https://nccs-efile.s3.us-east-1.amazonaws.com/xml/201902829349301170","263335767","HECH SOUTH HARWICH INC","2018","990","https://nccs-efile.s3.us-east-1.amazonaws.com/xml/201902829349301170_public.xml","MISCELLANEOUS INCOME",NA,"105","105",NA,NA
"https://nccs-efile.s3.us-east-1.amazonaws.com/xml/201442799349300449","141593408","WAPPINGERS FEDERATION OF TRANSIT","2013","990","https://nccs-efile.s3.us-east-1.amazonaws.com/xml/201442799349300449_public.xml","SECRETARIAL SERVICES",NA,"5688","5688",NA,NA
"https://nccs-efile.s3.us-east-1.amazonaws.com/xml/201442799349300449","141593408","WAPPINGERS FEDERATION OF TRANSIT","2013","990","https://nccs-efile.s3.us-east-1.amazonaws.com/xml/201442799349300449_public.xml","RENTAL INCOME",NA,"4470","4470",NA,NA
"https://nccs-efile.s3.us-east-1.amazonaws.com/xml/201442799349300449","141593408","WAPPINGERS FEDERATION OF TRANSIT","2013","990","https://nccs-efile.s3.us-east-1.amazonaws.com/xml/201442799349300449_public.xml","MISCELLANEOUS",NA,"1435","1435",NA,NA
"https://nccs-efile.s3.us-east-1.amazonaws.com/xml/201841359349312419","431767432","MERCY HOSPITAL LEBANON","2016","990","https://nccs-efile.s3.us-east-1.amazonaws.com/xml/201841359349312419_public.xml","CAFE & VENDING","900099","464452",NA,"464452",NA
"https://nccs-efile.s3.us-east-1.amazonaws.com/xml/201841359349312419","431767432","MERCY HOSPITAL LEBANON","2016","990","https://nccs-efile.s3.us-east-1.amazonaws.com/xml/201841359349312419_public.xml","FITNESS CENTER","900099","1614","1463",NA,"151"
"https://nccs-efile.s3.us-east-1.amazonaws.com/xml/201942269349301804","311167877","CHRIST CHILD SOCIETY OF COLUMBUS","2018","990","https://nccs-efile.s3.us-east-1.amazonaws.com/xml/201942269349301804_public.xml","KROGER REBATES",NA,"1390","1390",NA,NA
"https://nccs-efile.s3.us-east-1.amazonaws.com/xml/201942269349301804","311167877","CHRIST CHILD SOCIETY OF COLUMBUS","2018","990","https://nccs-efile.s3.us-east-1.amazonaws.com/xml/201942269349301804_public.xml","50/50 RAFFLE",NA,"235","235",NA,NA
"https://nccs-efile.s3.us-east-1.amazonaws.com/xml/201942269349301804","311167877","CHRIST CHILD SOCIETY OF COLUMBUS","2018","990","https://nccs-efile.s3.us-east-1.amazonaws.com/xml/201942269349301804_public.xml","MISCELLANEOUS REVENUE",NA,"220","220",NA,NA
"https://nccs-efile.s3.us-east-1.amazonaws.com/xml/201811299349301946","391476621","LAYTON ART COLLECTION INC","2017","990","https://nccs-efile.s3.us-east-1.amazonaws.com/xml/201811299349301946_public.xml","OTHER INCOME","900099","2212","2212",NA,NA
"https://nccs-efile.s3.us-east-1.amazonaws.com/xml/201800669349301205","621714715","THE JASON FOUNDATION INC","2017","990","https://nccs-efile.s3.us-east-1.amazonaws.com/xml/201800669349301205_public.xml","REIMBURSEMENT REVENUE",NA,"617144","617144",NA,NA
"https://nccs-efile.s3.us-east-1.amazonaws.com/xml/201810439349300321","203142622","LUTHERAN LEGACY FOUNDATION INC","2016","990","https://nccs-efile.s3.us-east-1.amazonaws.com/xml/201810439349300321_public.xml","RETURN OF PRIOR GRANT",NA,"66526","66526",NA,NA
"https://nccs-efile.s3.us-east-1.amazonaws.com/xml/201810439349300321","203142622","LUTHERAN LEGACY FOUNDATION INC","2016","990","https://nccs-efile.s3.us-east-1.amazonaws.com/xml/201810439349300321_public.xml","REFUNDS/REIMBURSEMENTS",NA,"2298","2298",NA,NA
"https://nccs-efile.s3.us-east-1.amazonaws.com/xml/201810439349300321","203142622","LUTHERAN LEGACY FOUNDATION INC","2016","990","https://nccs-efile.s3.us-east-1.amazonaws.com/xml/201810439349300321_public.xml","TH LEE PUTNAM","900099","-826",NA,NA,"-826"
"https://nccs-efile.s3.us-east-1.amazonaws.com/xml/201503209349313490","954559371","GOLDEN STATE ATHLETIC CONFERENCE","2014","990","https://nccs-efile.s3.us-east-1.amazonaws.com/xml/201503209349313490_public.xml","OTHER INCOME",NA,"68482","68482",NA,NA
"https://nccs-efile.s3.us-east-1.amazonaws.com/xml/201503209349313490","954559371","GOLDEN STATE ATHLETIC CONFERENCE","2014","990","https://nccs-efile.s3.us-east-1.amazonaws.com/xml/201503209349313490_public.xml","SPONSORSHIPS",NA,"15875","15875",NA,NA
"https://nccs-efile.s3.us-east-1.amazonaws.com/xml/201503209349313490","954559371","GOLDEN STATE ATHLETIC CONFERENCE","2014","990","https://nccs-efile.s3.us-east-1.amazonaws.com/xml/201503209349313490_public.xml","TOURNAMENT REVENUE",NA,"50514","50514",NA,NA
"https://nccs-efile.s3.us-east-1.amazonaws.com/xml/201832279349302958","453623184","CATHOLIC CHARITIES OF SOUTHEAST MICHIGAN","2016","990","https://nccs-efile.s3.us-east-1.amazonaws.com/xml/201832279349302958_public.xml","OTHER REVENUE","624100","4689",NA,"4689",NA
"https://nccs-efile.s3.us-east-1.amazonaws.com/xml/201711359349311836","521813311","AMERICAN SOCIETY OF NUCLEAR CARDIOLOGY","2016","990","https://nccs-efile.s3.us-east-1.amazonaws.com/xml/201711359349311836_public.xml","OTHER REVENUE","541900","62950","15200",NA,"47750"
"https://nccs-efile.s3.us-east-1.amazonaws.com/xml/201703059349300640","226064527","THE FOUNDATION FOR JUDAEO-CHRISTIAN","2016","990","https://nccs-efile.s3.us-east-1.amazonaws.com/xml/201703059349300640_public.xml","OTHER INCOME","900099","179","179",NA,NA
"https://nccs-efile.s3.us-east-1.amazonaws.com/xml/201630399349300823","680285816","NAPA SOLANO SANESART","2014","990","https://nccs-efile.s3.us-east-1.amazonaws.com/xml/201630399349300823_public.xml","STATE REFUND",NA,"43",NA,"43",NA
"https://nccs-efile.s3.us-east-1.amazonaws.com/xml/201530129349301293","650081406","PUNTA GORDA CHAMBER OF COMMERCEINC","2013","990","https://nccs-efile.s3.us-east-1.amazonaws.com/xml/201530129349301293_public.xml","BP CLAIM",NA,"35983","35983",NA,NA
"https://nccs-efile.s3.us-east-1.amazonaws.com/xml/201943189349307494","134013384","MI CASA HOUSING DEVELOPMENT FUND CO","2018","990","https://nccs-efile.s3.us-east-1.amazonaws.com/xml/201943189349307494_public.xml","OTHER REVENUE - OTHER",NA,"159754","159754",NA,NA
"https://nccs-efile.s3.us-east-1.amazonaws.com/xml/201621039349300017","930233010","American Federation of Musicians","2015","990","https://nccs-efile.s3.us-east-1.amazonaws.com/xml/201621039349300017_public.xml","99 Club Rent",NA,"5086","5086",NA,NA
"https://nccs-efile.s3.us-east-1.amazonaws.com/xml/201621039349300017","930233010","American Federation of Musicians","2015","990","https://nccs-efile.s3.us-east-1.amazonaws.com/xml/201621039349300017_public.xml","Scholarship Admin Fee",NA,"635","635",NA,NA
"https://nccs-efile.s3.us-east-1.amazonaws.com/xml/201621039349300017","930233010","American Federation of Musicians","2015","990","https://nccs-efile.s3.us-east-1.amazonaws.com/xml/201621039349300017_public.xml","Sml Bus Health Cr Refund",NA,"4350","4350",NA,NA
"https://nccs-efile.s3.us-east-1.amazonaws.com/xml/201532729349300343","590995723","Greater Pine Island Chamber of Commerce","2014","990","https://nccs-efile.s3.us-east-1.amazonaws.com/xml/201532729349300343_public.xml","Brick Pavers","561499","3438","3438",NA,NA
"https://nccs-efile.s3.us-east-1.amazonaws.com/xml/201532729349300343","590995723","Greater Pine Island Chamber of Commerce","2014","990","https://nccs-efile.s3.us-east-1.amazonaws.com/xml/201532729349300343_public.xml","Advertising","561499","5448","5448",NA,NA
"https://nccs-efile.s3.us-east-1.amazonaws.com/xml/201532729349300343","590995723","Greater Pine Island Chamber of Commerce","2014","990","https://nccs-efile.s3.us-east-1.amazonaws.com/xml/201532729349300343_public.xml","Sales Tax Allowance","561499","27","27",NA,NA
"https://nccs-efile.s3.us-east-1.amazonaws.com/xml/201511499349300911","160743670","LASALLE SPORTSMEN'S CLUB INC","2014","990","https://nccs-efile.s3.us-east-1.amazonaws.com/xml/201511499349300911_public.xml","MEMBERSHIP DUES","900099","77594","77594",NA,NA
"https://nccs-efile.s3.us-east-1.amazonaws.com/xml/201511499349300911","160743670","LASALLE SPORTSMEN'S CLUB INC","2014","990","https://nccs-efile.s3.us-east-1.amazonaws.com/xml/201511499349300911_public.xml","WAYS & MEANS FUNDRAISERS","900099","23909","23909",NA,NA
"https://nccs-efile.s3.us-east-1.amazonaws.com/xml/201511499349300911","160743670","LASALLE SPORTSMEN'S CLUB INC","2014","990","https://nccs-efile.s3.us-east-1.amazonaws.com/xml/201511499349300911_public.xml","GROUNDS & HALL RENTAL","900099","1405","1405",NA,NA
"https://nccs-efile.s3.us-east-1.amazonaws.com/xml/201421349349307032","631053154","HOLLINS VOLUNTEER RURAL FIRE AND RESCUE","2013","990","https://nccs-efile.s3.us-east-1.amazonaws.com/xml/201421349349307032_public.xml","GRANTS","900099","1048","1048",NA,NA
"https://nccs-efile.s3.us-east-1.amazonaws.com/xml/201702829349301025","521326863","ASSOCIATION OF BALTIMORE","2016","990","https://nccs-efile.s3.us-east-1.amazonaws.com/xml/201702829349301025_public.xml","Miscellaneous income","900099","4042","4042",NA,NA
"https://nccs-efile.s3.us-east-1.amazonaws.com/xml/201921889349300202","205277520","ROSE OF MARY TERRACE","2018","990","https://nccs-efile.s3.us-east-1.amazonaws.com/xml/201921889349300202_public.xml","MISCELLANEOUS",NA,"2805","2805",NA,NA
"https://nccs-efile.s3.us-east-1.amazonaws.com/xml/201521639349300312","522028732","CONCERNS OF POLICE SURVIVORS INC-","2014","990","https://nccs-efile.s3.us-east-1.amazonaws.com/xml/201521639349300312_public.xml","ANNUAL MEETING REGISTRATION",NA,"1246","1246",NA,NA
"https://nccs-efile.s3.us-east-1.amazonaws.com/xml/201742499349301804","131845104","UNITED FOOD AND COMMERCIAL WORKERS UNION","2016","990","https://nccs-efile.s3.us-east-1.amazonaws.com/xml/201742499349301804_public.xml","OTHER INCOME","900099","9601","9601",NA,NA
"https://nccs-efile.s3.us-east-1.amazonaws.com/xml/201742499349301804","131845104","UNITED FOOD AND COMMERCIAL WORKERS UNION","2016","990","https://nccs-efile.s3.us-east-1.amazonaws.com/xml/201742499349301804_public.xml","REIMBURSED SHARED EXPENSE","900099","621823","621823",NA,NA
"https://nccs-efile.s3.us-east-1.amazonaws.com/xml/201922179349300932","710290019","ST BERNARDS HOSPITAL INC","2017","990","https://nccs-efile.s3.us-east-1.amazonaws.com/xml/201922179349300932_public.xml","ENCOMPASS HEALTH REHAB HOSP K-1","900099","3431525","3426758","4767",NA
"https://nccs-efile.s3.us-east-1.amazonaws.com/xml/201922179349300932","710290019","ST BERNARDS HOSPITAL INC","2017","990","https://nccs-efile.s3.us-east-1.amazonaws.com/xml/201922179349300932_public.xml","CAFETERIA/FOOD","900099","2420288",NA,"2420288",NA
"https://nccs-efile.s3.us-east-1.amazonaws.com/xml/201922179349300932","710290019","ST BERNARDS HOSPITAL INC","2017","990","https://nccs-efile.s3.us-east-1.amazonaws.com/xml/201922179349300932_public.xml","PHARMACY REVENUE","900099","2695085",NA,"2695085",NA
"https://nccs-efile.s3.us-east-1.amazonaws.com/xml/201840469349300649","371243664","COLES TOGETHER","2016","990","https://nccs-efile.s3.us-east-1.amazonaws.com/xml/201840469349300649_public.xml","ENTERPRISE ZONE CONSULTATION","541900","7500","7500",NA,NA
"https://nccs-efile.s3.us-east-1.amazonaws.com/xml/202021159349300407","310960136","Northwest Indiana Public Broadcasting Inc","2018","990","https://nccs-efile.s3.us-east-1.amazonaws.com/xml/202021159349300407_public.xml","Miscellaneous","999999","265279","0","265279","0"
"https://nccs-efile.s3.us-east-1.amazonaws.com/xml/201912699349301011","341740016","HURON HOUSING CORPORATION","2018","990","https://nccs-efile.s3.us-east-1.amazonaws.com/xml/201912699349301011_public.xml","MISCELLANEOUS REVENUE","531390","73489","73489",NA,NA
"https://nccs-efile.s3.us-east-1.amazonaws.com/xml/201912699349301011","341740016","HURON HOUSING CORPORATION","2018","990","https://nccs-efile.s3.us-east-1.amazonaws.com/xml/201912699349301011_public.xml","LAUNDRY AND VENDING","531390","1670","1670",NA,NA
"https://nccs-efile.s3.us-east-1.amazonaws.com/xml/201912699349301011","341740016","HURON HOUSING CORPORATION","2018","990","https://nccs-efile.s3.us-east-1.amazonaws.com/xml/201912699349301011_public.xml","TENANT CHARGES","531390","373","373",NA,NA
"https://nccs-efile.s3.us-east-1.amazonaws.com/xml/201802639349301225","272135208","MIAMI COUNTY CONTINUUM OF CARE","2017","990","https://nccs-efile.s3.us-east-1.amazonaws.com/xml/201802639349301225_public.xml","OTHER REVENUE",NA,"1485","1485",NA,NA
"https://nccs-efile.s3.us-east-1.amazonaws.com/xml/202041619349300304","261870850","XUPROP CO - PLAZA","2018","990","https://nccs-efile.s3.us-east-1.amazonaws.com/xml/202041619349300304_public.xml","Property Tax Refund","900099","101208",NA,"101208",NA
"https://nccs-efile.s3.us-east-1.amazonaws.com/xml/201601999349300700","521806862","American-Russian Cultural Cooperation Foundation","2015","990","https://nccs-efile.s3.us-east-1.amazonaws.com/xml/201601999349300700_public.xml","Miscellaneous Income","711300","6167","6167",NA,NA
"https://nccs-efile.s3.us-east-1.amazonaws.com/xml/201730659349300743","521617061","THE AMERICAN PROSPECT INC","2015","990","https://nccs-efile.s3.us-east-1.amazonaws.com/xml/201730659349300743_public.xml","ADVERTISING INCOME","541800","44533",NA,NA,"44533"
"https://nccs-efile.s3.us-east-1.amazonaws.com/xml/201730659349300743","521617061","THE AMERICAN PROSPECT INC","2015","990","https://nccs-efile.s3.us-east-1.amazonaws.com/xml/201730659349300743_public.xml","MAILING LIST REVENUE","900099","12617",NA,"12617",NA
"https://nccs-efile.s3.us-east-1.amazonaws.com/xml/201730659349300743","521617061","THE AMERICAN PROSPECT INC","2015","990","https://nccs-efile.s3.us-east-1.amazonaws.com/xml/201730659349300743_public.xml","OTHER REVENUE","900099","1258","1258",NA,NA
"https://nccs-efile.s3.us-east-1.amazonaws.com/xml/202021139349300112","432077078","CHURCH STREET ESTATES CORP","2019","990","https://nccs-efile.s3.us-east-1.amazonaws.com/xml/202021139349300112_public.xml","LAUNDRY REVENUE","531110","1725","1725",NA,NA
"https://nccs-efile.s3.us-east-1.amazonaws.com/xml/202021139349300112","432077078","CHURCH STREET ESTATES CORP","2019","990","https://nccs-efile.s3.us-east-1.amazonaws.com/xml/202021139349300112_public.xml","CABLE COMMISSION","531110","791","791",NA,NA
"https://nccs-efile.s3.us-east-1.amazonaws.com/xml/202021139349300112","432077078","CHURCH STREET ESTATES CORP","2019","990","https://nccs-efile.s3.us-east-1.amazonaws.com/xml/202021139349300112_public.xml","OTHER","531110","411","411",NA,NA
"https://nccs-efile.s3.us-east-1.amazonaws.com/xml/201742239349300349","010482400","COURTYARD AFFORDABLE HOUSING CORP","2015","990","https://nccs-efile.s3.us-east-1.amazonaws.com/xml/201742239349300349_public.xml","GAIN CONTINGENCY",NA,"665267","665267",NA,NA
"https://nccs-efile.s3.us-east-1.amazonaws.com/xml/201713419349300601","592298398","THE VANGUARD SCHOOL OF LAKE WALES","2016","990","https://nccs-efile.s3.us-east-1.amazonaws.com/xml/201713419349300601_public.xml","MISCELLANEOUS INCOME","611110","22381",NA,"22381",NA
"https://nccs-efile.s3.us-east-1.amazonaws.com/xml/201713419349300601","592298398","THE VANGUARD SCHOOL OF LAKE WALES","2016","990","https://nccs-efile.s3.us-east-1.amazonaws.com/xml/201713419349300601_public.xml","YEARBOOK INCOME","611110","4000",NA,"4000",NA
"https://nccs-efile.s3.us-east-1.amazonaws.com/xml/201622099349301237","410846508","ST PAUL PLUMBERS JOINT JOURNEYMEN &","2015","990","https://nccs-efile.s3.us-east-1.amazonaws.com/xml/201622099349301237_public.xml","CERT REIMBURSEMENT","900099","2216",NA,"2216",NA
"https://nccs-efile.s3.us-east-1.amazonaws.com/xml/201622099349301237","410846508","ST PAUL PLUMBERS JOINT JOURNEYMEN &","2015","990","https://nccs-efile.s3.us-east-1.amazonaws.com/xml/201622099349301237_public.xml","SCRAP MATERIAL","900099","1198",NA,"1198",NA
"https://nccs-efile.s3.us-east-1.amazonaws.com/xml/201622099349301237","410846508","ST PAUL PLUMBERS JOINT JOURNEYMEN &","2015","990","https://nccs-efile.s3.us-east-1.amazonaws.com/xml/201622099349301237_public.xml","OTHER REIMBURSEMENT","900099","620",NA,"620",NA
"https://nccs-efile.s3.us-east-1.amazonaws.com/xml/201720729349300797","742164037","AMERICAN VOLKSSPORT ASSOCIATIONINC","2015","990","https://nccs-efile.s3.us-east-1.amazonaws.com/xml/201720729349300797_public.xml","MISCELLANEOUS INCOME",NA,"17399","17399",NA,NA
"https://nccs-efile.s3.us-east-1.amazonaws.com/xml/201610439349302191","570778557","COLUMBIA METROPOLITAN CONVENTION","2014","990","https://nccs-efile.s3.us-east-1.amazonaws.com/xml/201610439349302191_public.xml","HOTEL DISCOUNT REVENUE","900099","2119985","2119985",NA,NA
"https://nccs-efile.s3.us-east-1.amazonaws.com/xml/201610439349302191","570778557","COLUMBIA METROPOLITAN CONVENTION","2014","990","https://nccs-efile.s3.us-east-1.amazonaws.com/xml/201610439349302191_public.xml","MISCELLANEOUS","900099","46244","46244",NA,NA
"https://nccs-efile.s3.us-east-1.amazonaws.com/xml/201402589349300950","481160123","Spectrum Health Foundation Inc","2013","990","https://nccs-efile.s3.us-east-1.amazonaws.com/xml/201402589349300950_public.xml","MISCELLANEOUS INCOME","900099","2832",NA,"2832",NA
"https://nccs-efile.s3.us-east-1.amazonaws.com/xml/201622989349300417","060665164","CONNECTICUT STATE MEDICAL SOCIETY INC","2015","990","https://nccs-efile.s3.us-east-1.amazonaws.com/xml/201622989349300417_public.xml","CSMS Lobbying/Med refo","541900","37050","37050",NA,NA
"https://nccs-efile.s3.us-east-1.amazonaws.com/xml/201622989349300417","060665164","CONNECTICUT STATE MEDICAL SOCIETY INC","2015","990","https://nccs-efile.s3.us-east-1.amazonaws.com/xml/201622989349300417_public.xml","MANAGEMENT FEE INCOME","541900","26742",NA,NA,"26742"
"https://nccs-efile.s3.us-east-1.amazonaws.com/xml/201622989349300417","060665164","CONNECTICUT STATE MEDICAL SOCIETY INC","2015","990","https://nccs-efile.s3.us-east-1.amazonaws.com/xml/201622989349300417_public.xml","CSMS Brokerage & ACO I","541900","20833","20833",NA,NA
"https://nccs-efile.s3.us-east-1.amazonaws.com/xml/201802749349300340","453419887","HAIRTOSTAY","2017","990","https://nccs-efile.s3.us-east-1.amazonaws.com/xml/201802749349300340_public.xml","ADJUST TO P/Y RE",NA,"380","380",NA,NA
"https://nccs-efile.s3.us-east-1.amazonaws.com/xml/201802749349300340","453419887","HAIRTOSTAY","2017","990","https://nccs-efile.s3.us-east-1.amazonaws.com/xml/201802749349300340_public.xml","APPLICATION FEE","900099","1418","1418",NA,NA
"https://nccs-efile.s3.us-east-1.amazonaws.com/xml/201802749349300340","453419887","HAIRTOSTAY","2017","990","https://nccs-efile.s3.us-east-1.amazonaws.com/xml/201802749349300340_public.xml","CASH BACK FROM CR CARDS","900099","48","48",NA,NA
"https://nccs-efile.s3.us-east-1.amazonaws.com/xml/201501189349300705","116076993","International Cargo Gear Bureau Inc","2013","990","https://nccs-efile.s3.us-east-1.amazonaws.com/xml/201501189349300705_public.xml","Collection & Conversion Fees","900099","11027","11027",NA,NA
"https://nccs-efile.s3.us-east-1.amazonaws.com/xml/202042309349302209","566001467","WINSTON-SALEM INDUSTRIES FOR THE","2018","990","https://nccs-efile.s3.us-east-1.amazonaws.com/xml/202042309349302209_public.xml","MISCELLANEOUS INCOME","900099","384840",NA,"384840",NA
"https://nccs-efile.s3.us-east-1.amazonaws.com/xml/202041329349300014","232523682","ALLIED SERVICES FOUNDATION","2018","990","https://nccs-efile.s3.us-east-1.amazonaws.com/xml/202041329349300014_public.xml","VENDOR DISCOUNTS","900099","7151",NA,"7151",NA
"https://nccs-efile.s3.us-east-1.amazonaws.com/xml/202010459349301541","166063335","FRANKFORT CENTER VOLUNTEER FIRE","2018","990","https://nccs-efile.s3.us-east-1.amazonaws.com/xml/202010459349301541_public.xml","INSURANCE PROCEEDS",NA,"15843","15843",NA,NA
"https://nccs-efile.s3.us-east-1.amazonaws.com/xml/202010459349301541","166063335","FRANKFORT CENTER VOLUNTEER FIRE","2018","990","https://nccs-efile.s3.us-east-1.amazonaws.com/xml/202010459349301541_public.xml","SALE OF EQUIPMENT",NA,"2097","2097",NA,NA
"https://nccs-efile.s3.us-east-1.amazonaws.com/xml/201720829349300732","141767900","PARTNERSHIP FOR ECONOMIC","2016","990","https://nccs-efile.s3.us-east-1.amazonaws.com/xml/201720829349300732_public.xml","MISCELLANEOUS","900099","12757","12757",NA,NA
"https://nccs-efile.s3.us-east-1.amazonaws.com/xml/202002239349300815","410745522","AITKIN COMMUNITY HOSPITAL DBA","2018","990","https://nccs-efile.s3.us-east-1.amazonaws.com/xml/202002239349300815_public.xml","OTHER REVENUE","900099","213303","213303",NA,NA
"https://nccs-efile.s3.us-east-1.amazonaws.com/xml/202002239349300815","410745522","AITKIN COMMUNITY HOSPITAL DBA","2018","990","https://nccs-efile.s3.us-east-1.amazonaws.com/xml/202002239349300815_public.xml","CAFETERIA","900099","152702",NA,"152702",NA
"https://nccs-efile.s3.us-east-1.amazonaws.com/xml/202002239349300815","410745522","AITKIN COMMUNITY HOSPITAL DBA","2018","990","https://nccs-efile.s3.us-east-1.amazonaws.com/xml/202002239349300815_public.xml","SISU MEDICAL SOLUTIONS, LLC K-1 A","900099","108110",NA,NA,"108110"
"https://nccs-efile.s3.us-east-1.amazonaws.com/xml/201943409349300219","386092535","ANN ARBOR EDUCATION ASSOCIATION","2018","990","https://nccs-efile.s3.us-east-1.amazonaws.com/xml/201943409349300219_public.xml","MEA REBATES",NA,"32198","32198",NA,NA
"https://nccs-efile.s3.us-east-1.amazonaws.com/xml/201811359349309961","620479189","CARSON-NEWMAN UNIVERSITY","2016","990","https://nccs-efile.s3.us-east-1.amazonaws.com/xml/201811359349309961_public.xml","CHANGE IN VALUATION OF INTERE","900099","373284",NA,"373284",NA
"https://nccs-efile.s3.us-east-1.amazonaws.com/xml/201811359349309961","620479189","CARSON-NEWMAN UNIVERSITY","2016","990","https://nccs-efile.s3.us-east-1.amazonaws.com/xml/201811359349309961_public.xml","CHANGE IN VALUATION OF ANNUIT","900099","60156",NA,"60156",NA
"https://nccs-efile.s3.us-east-1.amazonaws.com/xml/201811359349309961","620479189","CARSON-NEWMAN UNIVERSITY","2016","990","https://nccs-efile.s3.us-east-1.amazonaws.com/xml/201811359349309961_public.xml","CHANGE IN NET PENSION LIABILI","900099","-1239602",NA,"-1239602",NA
"https://nccs-efile.s3.us-east-1.amazonaws.com/xml/201422889349301327","150532293","POTSDAM AUXILIARY & COLLEGE","2013","990","https://nccs-efile.s3.us-east-1.amazonaws.com/xml/201422889349301327_public.xml","INTEREST RATE CONTRACT",NA,"77143","77143",NA,NA
"https://nccs-efile.s3.us-east-1.amazonaws.com/xml/201621339349303697","380861385","MUSKEGON YACHT CLUB","2015","990","https://nccs-efile.s3.us-east-1.amazonaws.com/xml/201621339349303697_public.xml","BULLETIN ADVERTISING","541800","2025",NA,NA,"2025"
"https://nccs-efile.s3.us-east-1.amazonaws.com/xml/201641259349300314","132552500","Harlem School of the Arts Inc","2014","990","https://nccs-efile.s3.us-east-1.amazonaws.com/xml/201641259349300314_public.xml","Other income",NA,"57722",NA,"57722",NA
"https://nccs-efile.s3.us-east-1.amazonaws.com/xml/201600129349300700","030221018","UNITED WAY OF ADDISON COUNTY INC","2014","990","https://nccs-efile.s3.us-east-1.amazonaws.com/xml/201600129349300700_public.xml","OTHER INCOME",NA,"14113",NA,"14113",NA
"https://nccs-efile.s3.us-east-1.amazonaws.com/xml/201600129349300700","030221018","UNITED WAY OF ADDISON COUNTY INC","2014","990","https://nccs-efile.s3.us-east-1.amazonaws.com/xml/201600129349300700_public.xml","CHANGE IN BENEFICIAL INTEREST",NA,"3732",NA,"3732",NA
"https://nccs-efile.s3.us-east-1.amazonaws.com/xml/201811349349306246","311634837","CALVARY COMMUNITY INC III","2017","990","https://nccs-efile.s3.us-east-1.amazonaws.com/xml/201811349349306246_public.xml","OTHER","623000","8677","8677",NA,NA
"https://nccs-efile.s3.us-east-1.amazonaws.com/xml/201432749349300103","251755570","YOUR SAFE HAVEN INC","2013","990","https://nccs-efile.s3.us-east-1.amazonaws.com/xml/201432749349300103_public.xml","OTHER INCOME",NA,"5962","5962",NA,NA
"https://nccs-efile.s3.us-east-1.amazonaws.com/xml/201802609349301790","237080754","HARTLAND VOLUNTEER FIRE COMPAN","2017","990","https://nccs-efile.s3.us-east-1.amazonaws.com/xml/201802609349301790_public.xml","LADIES AUX",NA,"15949","15949",NA,NA
"https://nccs-efile.s3.us-east-1.amazonaws.com/xml/201901839349300935","370730239","QUINCY COMMUNITY THEATRE","2018","990","https://nccs-efile.s3.us-east-1.amazonaws.com/xml/201901839349300935_public.xml","MISCELLANEOUS","711110","1263","1263",NA,NA
"https://nccs-efile.s3.us-east-1.amazonaws.com/xml/201820189349301027","841241767","CHILDREN'S ADVOCACY CENTER FOR THE","2016","990","https://nccs-efile.s3.us-east-1.amazonaws.com/xml/201820189349301027_public.xml","MISCELLANEOUS REVENUE","624100","6915","6915",NA,NA
"https://nccs-efile.s3.us-east-1.amazonaws.com/xml/201932269349300433","346573626","CANTON ELECTRICAL WELFARE FUND","2017","990","https://nccs-efile.s3.us-east-1.amazonaws.com/xml/201932269349300433_public.xml","PENALTY INCOME","525100","141","141",NA,NA
"https://nccs-efile.s3.us-east-1.amazonaws.com/xml/201412039349300001","056015385","Associated General Contractors of","2013","990","https://nccs-efile.s3.us-east-1.amazonaws.com/xml/201412039349300001_public.xml","Overhead reimb-IAF",NA,"106000","106000",NA,NA
"https://nccs-efile.s3.us-east-1.amazonaws.com/xml/201913189349314671","911729777","Historic Seattle Preservation Foundation","2018","990","https://nccs-efile.s3.us-east-1.amazonaws.com/xml/201913189349314671_public.xml","Other","900099","652",NA,"652",NA
"https://nccs-efile.s3.us-east-1.amazonaws.com/xml/201520979349300417","760358837","DEER PARK EDUCATION FOUNDATION","2013","990","https://nccs-efile.s3.us-east-1.amazonaws.com/xml/201520979349300417_public.xml","MISCELLANEOUS","900099","345","345",NA,NA
"https://nccs-efile.s3.us-east-1.amazonaws.com/xml/201733189349303443","223699313","NEW JERSEY CHAPTER AMERICAN ACADEMY OF","2016","990","https://nccs-efile.s3.us-east-1.amazonaws.com/xml/201733189349303443_public.xml","OTHER MISCELLANEOUS","900099","16211",NA,"16211",NA
"https://nccs-efile.s3.us-east-1.amazonaws.com/xml/201900919349300580","630941734","CONDE CAVALIERS","2018","990","https://nccs-efile.s3.us-east-1.amazonaws.com/xml/201900919349300580_public.xml","FINES",NA,"1245","1245",NA,NA
"https://nccs-efile.s3.us-east-1.amazonaws.com/xml/201900919349300580","630941734","CONDE CAVALIERS","2018","990","https://nccs-efile.s3.us-east-1.amazonaws.com/xml/201900919349300580_public.xml","OTHER REVENUE",NA,"124","124",NA,NA
"https://nccs-efile.s3.us-east-1.amazonaws.com/xml/201741429349300649","941330958","Oakland Education Association","2015","990","https://nccs-efile.s3.us-east-1.amazonaws.com/xml/201741429349300649_public.xml","Program Reimbursements",NA,"8726","8726",NA,NA
"https://nccs-efile.s3.us-east-1.amazonaws.com/xml/201741429349300649","941330958","Oakland Education Association","2015","990","https://nccs-efile.s3.us-east-1.amazonaws.com/xml/201741429349300649_public.xml","Refund - Local Escrow",NA,"26418","26418",NA,NA
"https://nccs-efile.s3.us-east-1.amazonaws.com/xml/201742129349300859","426063218","5 STAR COMMUNITY CREDIT UNION","2016","990","https://nccs-efile.s3.us-east-1.amazonaws.com/xml/201742129349300859_public.xml","FEES AND CHARGES","522100","275521","268602",NA,"6919"
"https://nccs-efile.s3.us-east-1.amazonaws.com/xml/201533179349302943","741405798","NORTHWEST LITTLE LEAGUE","2014","990","https://nccs-efile.s3.us-east-1.amazonaws.com/xml/201533179349302943_public.xml","HATS, SHIRTS, DECALS, ETC.","713940","1600","1600",NA,NA
"https://nccs-efile.s3.us-east-1.amazonaws.com/xml/201803199349318380","910814989","WASHINGTON COUNCIL OF POLICE AND","2017","990","https://nccs-efile.s3.us-east-1.amazonaws.com/xml/201803199349318380_public.xml","ADMINISTRATIVE FEES",NA,"16800","16800",NA,NA
"https://nccs-efile.s3.us-east-1.amazonaws.com/xml/201803199349318380","910814989","WASHINGTON COUNCIL OF POLICE AND","2017","990","https://nccs-efile.s3.us-east-1.amazonaws.com/xml/201803199349318380_public.xml","MISCELLANEOUS INCOME",NA,"7915","7915",NA,NA
"https://nccs-efile.s3.us-east-1.amazonaws.com/xml/201803199349318380","910814989","WASHINGTON COUNCIL OF POLICE AND","2017","990","https://nccs-efile.s3.us-east-1.amazonaws.com/xml/201803199349318380_public.xml","TRUSTEED PLAN SERV COM -10",NA,"6130","6130",NA,NA
"https://nccs-efile.s3.us-east-1.amazonaws.com/xml/201520589349300102","042450813","Norman Rockwell Museum at Stockbridge Inc","2013","990","https://nccs-efile.s3.us-east-1.amazonaws.com/xml/201520589349300102_public.xml","AUDIO TOURS","611710","28747","28747",NA,NA
"https://nccs-efile.s3.us-east-1.amazonaws.com/xml/201520589349300102","042450813","Norman Rockwell Museum at Stockbridge Inc","2013","990","https://nccs-efile.s3.us-east-1.amazonaws.com/xml/201520589349300102_public.xml","EDUCATION & PROGRAMS","611710","10632","10632",NA,NA
"https://nccs-efile.s3.us-east-1.amazonaws.com/xml/201520589349300102","042450813","Norman Rockwell Museum at Stockbridge Inc","2013","990","https://nccs-efile.s3.us-east-1.amazonaws.com/xml/201520589349300102_public.xml","MISC. INCOME","900099","42762","42762",NA,NA
"https://nccs-efile.s3.us-east-1.amazonaws.com/xml/201830579349300743","751296768","GREATER DENTONWISE COUNTYREALTORS","2017","990","https://nccs-efile.s3.us-east-1.amazonaws.com/xml/201830579349300743_public.xml","MISCELLANEOUS",NA,"1199","1199",NA,NA
"https://nccs-efile.s3.us-east-1.amazonaws.com/xml/201931939349300233","460445034","MULTI-CULTURAL CENTER OF","2018","990","https://nccs-efile.s3.us-east-1.amazonaws.com/xml/201931939349300233_public.xml","MISCELLANEOUS INCOME","611710","4297",NA,"4297",NA
"https://nccs-efile.s3.us-east-1.amazonaws.com/xml/201413379349300616","431294235","LEARNING OPPORTUNITIES INC","2013","990","https://nccs-efile.s3.us-east-1.amazonaws.com/xml/201413379349300616_public.xml","MISC",NA,"25481",NA,NA,NA
"https://nccs-efile.s3.us-east-1.amazonaws.com/xml/201733199349305378","861014012","PIMA COMMUNITY ACCESS PROGRAM","2016","990","https://nccs-efile.s3.us-east-1.amazonaws.com/xml/201733199349305378_public.xml","OTHER","624100","7303","7303",NA,NA
"https://nccs-efile.s3.us-east-1.amazonaws.com/xml/201403169349303550","742127841","HOMEWARD BOUND INC","2013","990","https://nccs-efile.s3.us-east-1.amazonaws.com/xml/201403169349303550_public.xml","OTHER REVENUE","624200","40535","40535",NA,NA
"https://nccs-efile.s3.us-east-1.amazonaws.com/xml/201821319349301872","590791034","MERCY HOSPITAL INC","2016","990","https://nccs-efile.s3.us-east-1.amazonaws.com/xml/201821319349301872_public.xml","INSURANCE ADJUSTMENT","622110","24899","24899",NA,NA
"https://nccs-efile.s3.us-east-1.amazonaws.com/xml/201413219349308531","740879330","SAN ANTONIO MANUFACTURERS ASSOCIATION","2013","990","https://nccs-efile.s3.us-east-1.amazonaws.com/xml/201413219349308531_public.xml","MISCELLANEOUS","900099","8737","8737",NA,NA
"https://nccs-efile.s3.us-east-1.amazonaws.com/xml/201522679349300732","274724244","LIVING TO INSPIRE GLOBAL HEALING TODAY INC","2014","990","https://nccs-efile.s3.us-east-1.amazonaws.com/xml/201522679349300732_public.xml","BOOK SALES","451211","9513",NA,NA,NA
"https://nccs-efile.s3.us-east-1.amazonaws.com/xml/201642219349300829","440605374","WAYSIDE WAIFS INC","2015","990","https://nccs-efile.s3.us-east-1.amazonaws.com/xml/201642219349300829_public.xml","MISCELLANEOUS","900099","710",NA,"710",NA
"https://nccs-efile.s3.us-east-1.amazonaws.com/xml/201821289349301607","396023507","CAMP TEKAKWITHA RETREAT AND CONFERENCE","2017","990","https://nccs-efile.s3.us-east-1.amazonaws.com/xml/201821289349301607_public.xml","OTHER INCOME","900099","394","394",NA,NA
"https://nccs-efile.s3.us-east-1.amazonaws.com/xml/201821089349301257","800016428","NAMPA KIDS IN DEVELOPMENTAL SOCCER","2016","990","https://nccs-efile.s3.us-east-1.amazonaws.com/xml/201821089349301257_public.xml","OTHER INCOME",NA,"600","600",NA,NA
"https://nccs-efile.s3.us-east-1.amazonaws.com/xml/201421709349300217","560260533","CATAWBA COUNTY CHAMBER OF COMMERCE","2013","990","https://nccs-efile.s3.us-east-1.amazonaws.com/xml/201421709349300217_public.xml","OTHER INCOME","900099","13094","13094",NA,NA
"https://nccs-efile.s3.us-east-1.amazonaws.com/xml/201421769349300832","943285494","SWANS MARKETPLACE INC","2013","990","https://nccs-efile.s3.us-east-1.amazonaws.com/xml/201421769349300832_public.xml","INCOME FROM INVESTMENT","531390","576","576",NA,NA
"https://nccs-efile.s3.us-east-1.amazonaws.com/xml/201623199349303852","453848293","OPERATION RENEWED HOPE FOUNDATION INC","2015","990","https://nccs-efile.s3.us-east-1.amazonaws.com/xml/201623199349303852_public.xml","MISCELLANEOUS","900099","1948","1948",NA,NA
"https://nccs-efile.s3.us-east-1.amazonaws.com/xml/202010279349301321","680027247","SEVENTH GENERATION FUND","2018","990","https://nccs-efile.s3.us-east-1.amazonaws.com/xml/202010279349301321_public.xml","OTHER INCOME","900099","1438","1438",NA,NA
"https://nccs-efile.s3.us-east-1.amazonaws.com/xml/201611339349304791","311603672","MEDICAL AIR INC","2014","990","https://nccs-efile.s3.us-east-1.amazonaws.com/xml/201611339349304791_public.xml","SALES/EXCISE TAX REFUN","900099","16269",NA,"16269",NA
"https://nccs-efile.s3.us-east-1.amazonaws.com/xml/201611339349304791","311603672","MEDICAL AIR INC","2014","990","https://nccs-efile.s3.us-east-1.amazonaws.com/xml/201611339349304791_public.xml","OTHER INCOME","900099","3825",NA,"3825",NA
"https://nccs-efile.s3.us-east-1.amazonaws.com/xml/201810839349300216","042264222","OAK GROVE CEMETERY","2017","990","https://nccs-efile.s3.us-east-1.amazonaws.com/xml/201810839349300216_public.xml","OTHER INCOME",NA,"3951","3951",NA,NA
"https://nccs-efile.s3.us-east-1.amazonaws.com/xml/201831229349300918","351837287","PARTNERSHIP FOR AFFORDABLE HOUSING INC","2017","990","https://nccs-efile.s3.us-east-1.amazonaws.com/xml/201831229349300918_public.xml","TENANT CHARGES","531110","59449",NA,"59449",NA
"https://nccs-efile.s3.us-east-1.amazonaws.com/xml/201831229349300918","351837287","PARTNERSHIP FOR AFFORDABLE HOUSING INC","2017","990","https://nccs-efile.s3.us-east-1.amazonaws.com/xml/201831229349300918_public.xml","LAUNDRY & VENDING","531110","5424",NA,"5424",NA
"https://nccs-efile.s3.us-east-1.amazonaws.com/xml/201831229349300918","351837287","PARTNERSHIP FOR AFFORDABLE HOUSING INC","2017","990","https://nccs-efile.s3.us-east-1.amazonaws.com/xml/201831229349300918_public.xml","OTHER REVENUE-MISC.","531110","2419",NA,"2419",NA
"https://nccs-efile.s3.us-east-1.amazonaws.com/xml/202002529349300865","911239205","ALONGSIDE MINISTRIES INTERNATIONAL","2018","990","https://nccs-efile.s3.us-east-1.amazonaws.com/xml/202002529349300865_public.xml","MISCELLANEOUS LOSS","561439","-75","-75",NA,NA
"https://nccs-efile.s3.us-east-1.amazonaws.com/xml/201601329349301385","410417230","MINNESOTA FARM BUREAU FEDERATION","2014","990","https://nccs-efile.s3.us-east-1.amazonaws.com/xml/201601329349301385_public.xml","MEMBER BENEFIT","900099","51740","51740",NA,NA
"https://nccs-efile.s3.us-east-1.amazonaws.com/xml/201601329349301385","410417230","MINNESOTA FARM BUREAU FEDERATION","2014","990","https://nccs-efile.s3.us-east-1.amazonaws.com/xml/201601329349301385_public.xml","YOUNG FARMERS & RANCHERS","541800","47801","47801",NA,NA
"https://nccs-efile.s3.us-east-1.amazonaws.com/xml/201601329349301385","410417230","MINNESOTA FARM BUREAU FEDERATION","2014","990","https://nccs-efile.s3.us-east-1.amazonaws.com/xml/201601329349301385_public.xml","BUILDING REIMBURSEMENT","900099","25698","25698",NA,NA
"https://nccs-efile.s3.us-east-1.amazonaws.com/xml/201503179349304315","111667761","SOUTHSIDE HOSPITAL","2014","990","https://nccs-efile.s3.us-east-1.amazonaws.com/xml/201503179349304315_public.xml","CAFETERIA","900099","1161974",NA,"1161974",NA
"https://nccs-efile.s3.us-east-1.amazonaws.com/xml/201503179349304315","111667761","SOUTHSIDE HOSPITAL","2014","990","https://nccs-efile.s3.us-east-1.amazonaws.com/xml/201503179349304315_public.xml","ELECTRONIC HEALTH RECORD INCOME","900099","1095633","1095633",NA,NA
"https://nccs-efile.s3.us-east-1.amazonaws.com/xml/201503179349304315","111667761","SOUTHSIDE HOSPITAL","2014","990","https://nccs-efile.s3.us-east-1.amazonaws.com/xml/201503179349304315_public.xml","ROOF RENTAL","561000","390984","214669",NA,"176315"
"https://nccs-efile.s3.us-east-1.amazonaws.com/xml/201441819349300859","370715414","HOME BUILDERS ASSOCIATION OF ILLINOIS","2013","990","https://nccs-efile.s3.us-east-1.amazonaws.com/xml/201441819349300859_public.xml","Miscellaneous","900099","10923","10923",NA,NA
"https://nccs-efile.s3.us-east-1.amazonaws.com/xml/201613209349311526","066075605","Noah Webster House Foundation & Historical Society of W Htfd","2015","990","https://nccs-efile.s3.us-east-1.amazonaws.com/xml/201613209349311526_public.xml","Other","713990","6876","6876",NA,NA
"https://nccs-efile.s3.us-east-1.amazonaws.com/xml/201533009349301353","237380557","WOMEN'S SPORTS FOUNDATION","2014","990","https://nccs-efile.s3.us-east-1.amazonaws.com/xml/201533009349301353_public.xml","MISCELLANEOUS","900099","64927",NA,"64927",NA
"https://nccs-efile.s3.us-east-1.amazonaws.com/xml/201703049349300920","521967849","College of Labor and Employment Lawyers","2016","990","https://nccs-efile.s3.us-east-1.amazonaws.com/xml/201703049349300920_public.xml","Property tax refund","611430","904","904",NA,NA
"https://nccs-efile.s3.us-east-1.amazonaws.com/xml/201711319349301526","383941057","Catholic Community Fdn of Los Angeles","2016","990","https://nccs-efile.s3.us-east-1.amazonaws.com/xml/201711319349301526_public.xml","Fund Maintenance Fees","525920","1081996",NA,"1081996",NA
"https://nccs-efile.s3.us-east-1.amazonaws.com/xml/201711319349301526","383941057","Catholic Community Fdn of Los Angeles","2016","990","https://nccs-efile.s3.us-east-1.amazonaws.com/xml/201711319349301526_public.xml","Other Income","525920","95502",NA,"95502",NA
"https://nccs-efile.s3.us-east-1.amazonaws.com/xml/201913169349302746","410726174","AUBURN MANOR","2018","990","https://nccs-efile.s3.us-east-1.amazonaws.com/xml/201913169349302746_public.xml","MEAL INCOME","623000","77849",NA,"77849",NA
"https://nccs-efile.s3.us-east-1.amazonaws.com/xml/201913169349302746","410726174","AUBURN MANOR","2018","990","https://nccs-efile.s3.us-east-1.amazonaws.com/xml/201913169349302746_public.xml","OTHER REVENUE","623000","42208",NA,"42208",NA
"https://nccs-efile.s3.us-east-1.amazonaws.com/xml/201913169349302746","410726174","AUBURN MANOR","2018","990","https://nccs-efile.s3.us-east-1.amazonaws.com/xml/201913169349302746_public.xml","MANAGEMENT FEES","561000","38940",NA,"38940",NA
"https://nccs-efile.s3.us-east-1.amazonaws.com/xml/201831359349313753","263677910","BRANDYWINE AMERICAN LEGION POST 227","2016","990","https://nccs-efile.s3.us-east-1.amazonaws.com/xml/201831359349313753_public.xml",NA,NA,"0",NA,NA,NA
"https://nccs-efile.s3.us-east-1.amazonaws.com/xml/201831359349313753","263677910","BRANDYWINE AMERICAN LEGION POST 227","2016","990","https://nccs-efile.s3.us-east-1.amazonaws.com/xml/201831359349313753_public.xml",NA,NA,"0",NA,NA,NA
"https://nccs-efile.s3.us-east-1.amazonaws.com/xml/201831359349313753","263677910","BRANDYWINE AMERICAN LEGION POST 227","2016","990","https://nccs-efile.s3.us-east-1.amazonaws.com/xml/201831359349313753_public.xml",NA,NA,"0",NA,NA,NA
"https://nccs-efile.s3.us-east-1.amazonaws.com/xml/201540479349301419","232586879","GREATER LYCOMING HABITAT","2013","990","https://nccs-efile.s3.us-east-1.amazonaws.com/xml/201540479349301419_public.xml","MISCELLANEOUS",NA,"3489","3489",NA,NA
"https://nccs-efile.s3.us-east-1.amazonaws.com/xml/201703179349301135","431491162","AT&T VEBA TRUST","2016","990","https://nccs-efile.s3.us-east-1.amazonaws.com/xml/201703179349301135_public.xml","OTHER INCOME","900001","7742",NA,"7742",NA
"https://nccs-efile.s3.us-east-1.amazonaws.com/xml/201533159349304048","036117102","NATIONAL ASSOCIATION OF PREVAILING WAGE","2014","990","https://nccs-efile.s3.us-east-1.amazonaws.com/xml/201533159349304048_public.xml","REVENUE CONTINGENT LIABILITY","900099","249643","249643",NA,NA
"https://nccs-efile.s3.us-east-1.amazonaws.com/xml/201533159349304048","036117102","NATIONAL ASSOCIATION OF PREVAILING WAGE","2014","990","https://nccs-efile.s3.us-east-1.amazonaws.com/xml/201533159349304048_public.xml","OTHER REVENUE","900099","498","498",NA,NA
"https://nccs-efile.s3.us-east-1.amazonaws.com/xml/201520339349300852","480825148","TRI-VALLEY DEVELOPMENTAL","2013","990","https://nccs-efile.s3.us-east-1.amazonaws.com/xml/201520339349300852_public.xml","ADMINISTRATIVE SUPPORT",NA,"85427",NA,"85427",NA
"https://nccs-efile.s3.us-east-1.amazonaws.com/xml/201520339349300852","480825148","TRI-VALLEY DEVELOPMENTAL","2013","990","https://nccs-efile.s3.us-east-1.amazonaws.com/xml/201520339349300852_public.xml","INSURANCE REIMBURSEMENT",NA,"29738",NA,"29738",NA
"https://nccs-efile.s3.us-east-1.amazonaws.com/xml/201520339349300852","480825148","TRI-VALLEY DEVELOPMENTAL","2013","990","https://nccs-efile.s3.us-east-1.amazonaws.com/xml/201520339349300852_public.xml","INSURANCE REIMBURSEMENT",NA,"10895","10895",NA,NA
"https://nccs-efile.s3.us-east-1.amazonaws.com/xml/201731669349301053","250351430","BENEVOLENT & PROTECTIVE ORDER OF ELKS H283","2016","990","https://nccs-efile.s3.us-east-1.amazonaws.com/xml/201731669349301053_public.xml","RECYCLING","900099","161","161",NA,NA
"https://nccs-efile.s3.us-east-1.amazonaws.com/xml/201731669349301053","250351430","BENEVOLENT & PROTECTIVE ORDER OF ELKS H283","2016","990","https://nccs-efile.s3.us-east-1.amazonaws.com/xml/201731669349301053_public.xml","FEES","900099","409","409",NA,NA
"https://nccs-efile.s3.us-east-1.amazonaws.com/xml/201711359349303871","132298956","CHILDREN'S TUMOR FOUNDATION","2016","990","https://nccs-efile.s3.us-east-1.amazonaws.com/xml/201711359349303871_public.xml","MISC. INCOME","999999","41162",NA,"41162",NA
"https://nccs-efile.s3.us-east-1.amazonaws.com/xml/201821299349300017","841385205","SOCIETY OF PROFESSIONAL ROPE ACCESS","2017","990","https://nccs-efile.s3.us-east-1.amazonaws.com/xml/201821299349300017_public.xml","WEBSITE INCOME","541800","5400","5400",NA,NA
"https://nccs-efile.s3.us-east-1.amazonaws.com/xml/201910549349300506","593254198","WEST FLORIDA AREA HEALTH EDUCATION","2017","990","https://nccs-efile.s3.us-east-1.amazonaws.com/xml/201910549349300506_public.xml","MISCELLANEOUS INCOME","900099","8297","8297",NA,NA
"https://nccs-efile.s3.us-east-1.amazonaws.com/xml/201612179349301431","381644258","BUILDERS EXCHANGE OF THE KALAMAZOO","2015","990","https://nccs-efile.s3.us-east-1.amazonaws.com/xml/201612179349301431_public.xml","MISCELLANEOUS","900099","225",NA,NA,"225"
"https://nccs-efile.s3.us-east-1.amazonaws.com/xml/201822819349300212","521211212","INTERNATIONAL ASSOC OF LAW","2017","990","https://nccs-efile.s3.us-east-1.amazonaws.com/xml/201822819349300212_public.xml","REIMBURSED EXPENSES","900099","3822",NA,"3822",NA
"https://nccs-efile.s3.us-east-1.amazonaws.com/xml/201822819349300212","521211212","INTERNATIONAL ASSOC OF LAW","2017","990","https://nccs-efile.s3.us-east-1.amazonaws.com/xml/201822819349300212_public.xml","MISCELLANEOUS INCOME","900099","1320",NA,"1320",NA
"https://nccs-efile.s3.us-east-1.amazonaws.com/xml/201622669349300702","066082034","WEANTINOGE HERITAGE LAND TRUST INC","2015","990","https://nccs-efile.s3.us-east-1.amazonaws.com/xml/201622669349300702_public.xml","OTHER INCOME","900099","1002",NA,"1002",NA
"https://nccs-efile.s3.us-east-1.amazonaws.com/xml/201511209349301261","391975149","Blue Cross & Blue Shield United of","2014","990","https://nccs-efile.s3.us-east-1.amazonaws.com/xml/201511209349301261_public.xml","Realized Gain - Invest","900099","713","713",NA,NA
"https://nccs-efile.s3.us-east-1.amazonaws.com/xml/201511209349301261","391975149","Blue Cross & Blue Shield United of","2014","990","https://nccs-efile.s3.us-east-1.amazonaws.com/xml/201511209349301261_public.xml","Unrealized Gain - Inve","900099","13","13",NA,NA
"https://nccs-efile.s3.us-east-1.amazonaws.com/xml/201412259349303056","942722927","CAPITOL THEATRE CENTER FOUNDATION","2013","990","https://nccs-efile.s3.us-east-1.amazonaws.com/xml/201412259349303056_public.xml","ADVERTISING","519100","19005",NA,NA,"19005"
"https://nccs-efile.s3.us-east-1.amazonaws.com/xml/201412259349303056","942722927","CAPITOL THEATRE CENTER FOUNDATION","2013","990","https://nccs-efile.s3.us-east-1.amazonaws.com/xml/201412259349303056_public.xml","MISCELLANEOUS",NA,"3887",NA,"3887",NA
"https://nccs-efile.s3.us-east-1.amazonaws.com/xml/201823199349301217","030371141","Womens Link Worldwide","2017","990","https://nccs-efile.s3.us-east-1.amazonaws.com/xml/201823199349301217_public.xml","Miscellaneous",NA,"5662",NA,"5662",NA
"https://nccs-efile.s3.us-east-1.amazonaws.com/xml/201823139349300617","481108059","RETIRESAFE","2017","990","https://nccs-efile.s3.us-east-1.amazonaws.com/xml/201823139349300617_public.xml","MANAGEMENT FEE","900099","27562","27562",NA,NA
"https://nccs-efile.s3.us-east-1.amazonaws.com/xml/201643209349303319","141841845","THE MANUFACTURING SKILL STANDARDS","2015","990","https://nccs-efile.s3.us-east-1.amazonaws.com/xml/201643209349303319_public.xml","OTHER REVENUE","900099","5489","5489",NA,NA
"https://nccs-efile.s3.us-east-1.amazonaws.com/xml/201941339349303794","201388151","MICAH 6 OF AUSTIN TEXAS","2018","990","https://nccs-efile.s3.us-east-1.amazonaws.com/xml/201941339349303794_public.xml","MISCELLANEOUS FOOD ONLY",NA,NA,NA,NA,NA
"https://nccs-efile.s3.us-east-1.amazonaws.com/xml/201941339349303794","201388151","MICAH 6 OF AUSTIN TEXAS","2018","990","https://nccs-efile.s3.us-east-1.amazonaws.com/xml/201941339349303794_public.xml","RECYCLING INCOME",NA,NA,NA,NA,NA
"https://nccs-efile.s3.us-east-1.amazonaws.com/xml/201930919349300338","221508591","EASTER SEALS NEW JERSEY INC","2017","990","https://nccs-efile.s3.us-east-1.amazonaws.com/xml/201930919349300338_public.xml","MANAGEMENT FEE","900099","206206","206206",NA,NA
"https://nccs-efile.s3.us-east-1.amazonaws.com/xml/201930919349300338","221508591","EASTER SEALS NEW JERSEY INC","2017","990","https://nccs-efile.s3.us-east-1.amazonaws.com/xml/201930919349300338_public.xml","MISCELLANEOUS REVENUE","900099","125282","125282",NA,NA
"https://nccs-efile.s3.us-east-1.amazonaws.com/xml/202011969349304566","942681738","PARADISE PERFORMING ARTS CENTER INC","2018","990","https://nccs-efile.s3.us-east-1.amazonaws.com/xml/202011969349304566_public.xml","INSURANCE PROCEEDS",NA,"103718","103718",NA,NA
"https://nccs-efile.s3.us-east-1.amazonaws.com/xml/202011969349304566","942681738","PARADISE PERFORMING ARTS CENTER INC","2018","990","https://nccs-efile.s3.us-east-1.amazonaws.com/xml/202011969349304566_public.xml","MISCELLANEOUS",NA,"844","844",NA,NA
"https://nccs-efile.s3.us-east-1.amazonaws.com/xml/202011969349304566","942681738","PARADISE PERFORMING ARTS CENTER INC","2018","990","https://nccs-efile.s3.us-east-1.amazonaws.com/xml/202011969349304566_public.xml","STAFF & THEATER RENTAL",NA,"38187","38187",NA,NA
"https://nccs-efile.s3.us-east-1.amazonaws.com/xml/201921279349300142","205085400","WESTERN ANTIQUE AEROPLANE &","2018","990","https://nccs-efile.s3.us-east-1.amazonaws.com/xml/201921279349300142_public.xml","INTEREST INCOME",NA,"3132",NA,"3132",NA
"https://nccs-efile.s3.us-east-1.amazonaws.com/xml/201921279349300142","205085400","WESTERN ANTIQUE AEROPLANE &","2018","990","https://nccs-efile.s3.us-east-1.amazonaws.com/xml/201921279349300142_public.xml","SALE OF ASSETS",NA,"3000",NA,"3000",NA
"https://nccs-efile.s3.us-east-1.amazonaws.com/xml/201921279349300142","205085400","WESTERN ANTIQUE AEROPLANE &","2018","990","https://nccs-efile.s3.us-east-1.amazonaws.com/xml/201921279349300142_public.xml","CREDIT CARD REWARDS",NA,"2800",NA,"2800",NA
"https://nccs-efile.s3.us-east-1.amazonaws.com/xml/202031299349301128","430887779","CATHOLIC CHARITIES OF KANSAS CITY -","2018","990","https://nccs-efile.s3.us-east-1.amazonaws.com/xml/202031299349301128_public.xml","MISCELLANEOUS","812900","110136",NA,"110136",NA
"https://nccs-efile.s3.us-east-1.amazonaws.com/xml/201641379349301489","593579886","PARKER STREET MINISTRIES INC","2015","990","https://nccs-efile.s3.us-east-1.amazonaws.com/xml/201641379349301489_public.xml","RENTAL INCOME",NA,"25200","25200",NA,NA
"https://nccs-efile.s3.us-east-1.amazonaws.com/xml/201411789349300311","431300165","BENEVOLENT AND PROTECTIVE ORDER OF ELKS","2013","990","https://nccs-efile.s3.us-east-1.amazonaws.com/xml/201411789349300311_public.xml","LODGE ACTIVITIES","900099","6010","6010",NA,NA
"https://nccs-efile.s3.us-east-1.amazonaws.com/xml/201411789349300311","431300165","BENEVOLENT AND PROTECTIVE ORDER OF ELKS","2013","990","https://nccs-efile.s3.us-east-1.amazonaws.com/xml/201411789349300311_public.xml","OTHER INCOME","900099","5291","5291",NA,NA
"https://nccs-efile.s3.us-east-1.amazonaws.com/xml/201523179349305997","201991671","WE GROW DREAMS INC","2014","990","https://nccs-efile.s3.us-east-1.amazonaws.com/xml/201523179349305997_public.xml","OTHER REVENUE","453000","4375","4375",NA,NA
"https://nccs-efile.s3.us-east-1.amazonaws.com/xml/201711729349300001","251544798","Three Rivers Rowing Association","2016","990","https://nccs-efile.s3.us-east-1.amazonaws.com/xml/201711729349300001_public.xml","Misc Exempt Income","900099","8118","8118",NA,NA
"https://nccs-efile.s3.us-east-1.amazonaws.com/xml/201811289349300326","237003600","ILLINOIS INSTITUTE FOR CONTINUING","2017","990","https://nccs-efile.s3.us-east-1.amazonaws.com/xml/201811289349300326_public.xml","MISCELLANEOUS","900099","1894","1894",NA,NA
"https://nccs-efile.s3.us-east-1.amazonaws.com/xml/201911059349300411","200064407","SOUTH TEXAS AGRICULTURAL ROUNDUP","2017","990","https://nccs-efile.s3.us-east-1.amazonaws.com/xml/201911059349300411_public.xml","MISCELLANEOUS","900099","450",NA,"450",NA
"https://nccs-efile.s3.us-east-1.amazonaws.com/xml/201533159349302878","141364513","ELIZABETHTOWN COMMUNITY HOSPITAL","2014","990","https://nccs-efile.s3.us-east-1.amazonaws.com/xml/201533159349302878_public.xml","340B REVENUE","900099","923747","923747",NA,NA
"https://nccs-efile.s3.us-east-1.amazonaws.com/xml/201533159349302878","141364513","ELIZABETHTOWN COMMUNITY HOSPITAL","2014","990","https://nccs-efile.s3.us-east-1.amazonaws.com/xml/201533159349302878_public.xml","MEANINGFUL USE INCOME","900099","350041","350041",NA,NA
"https://nccs-efile.s3.us-east-1.amazonaws.com/xml/201533159349302878","141364513","ELIZABETHTOWN COMMUNITY HOSPITAL","2014","990","https://nccs-efile.s3.us-east-1.amazonaws.com/xml/201533159349302878_public.xml","OTHER OPERATING REV.","900099","157333","157333",NA,NA
"https://nccs-efile.s3.us-east-1.amazonaws.com/xml/201640419349301424","330473171","LA MAESTRA FAMILY CLINIC INC","2014","990","https://nccs-efile.s3.us-east-1.amazonaws.com/xml/201640419349301424_public.xml","INTEREST INCOME","621300","3673","3673",NA,NA
"https://nccs-efile.s3.us-east-1.amazonaws.com/xml/201640419349301424","330473171","LA MAESTRA FAMILY CLINIC INC","2014","990","https://nccs-efile.s3.us-east-1.amazonaws.com/xml/201640419349301424_public.xml","OTHER REVENUES",NA,"405716","405716",NA,NA
"https://nccs-efile.s3.us-east-1.amazonaws.com/xml/201640419349301424","330473171","LA MAESTRA FAMILY CLINIC INC","2014","990","https://nccs-efile.s3.us-east-1.amazonaws.com/xml/201640419349301424_public.xml","SERVICE REVENUE",NA,"31508","31508",NA,NA
"https://nccs-efile.s3.us-east-1.amazonaws.com/xml/201941359349306349","042103623","ST MARK'S SCHOOL OF SOUTHBOROUGH INC","2017","990","https://nccs-efile.s3.us-east-1.amazonaws.com/xml/201941359349306349_public.xml","Auxiliary Program","611710","139065","139065",NA,NA
"https://nccs-efile.s3.us-east-1.amazonaws.com/xml/201941359349306349","042103623","ST MARK'S SCHOOL OF SOUTHBOROUGH INC","2017","990","https://nccs-efile.s3.us-east-1.amazonaws.com/xml/201941359349306349_public.xml","Miscellaneous Income","611710","136764","136764",NA,NA
"https://nccs-efile.s3.us-east-1.amazonaws.com/xml/201941359349306349","042103623","ST MARK'S SCHOOL OF SOUTHBOROUGH INC","2017","990","https://nccs-efile.s3.us-east-1.amazonaws.com/xml/201941359349306349_public.xml","Hockey Rink","611710","17570","17570",NA,NA
"https://nccs-efile.s3.us-east-1.amazonaws.com/xml/201540289349300334","521801200","THE MENTAL HEALTH CENTER OF WESTERN","2013","990","https://nccs-efile.s3.us-east-1.amazonaws.com/xml/201540289349300334_public.xml","RECOVERY OF BAD DEBTS","900099","9930","9930",NA,NA
"https://nccs-efile.s3.us-east-1.amazonaws.com/xml/201731329349305748","330068552","PUBLISHERS MARKETING ASSOCIATION","2015","990","https://nccs-efile.s3.us-east-1.amazonaws.com/xml/201731329349305748_public.xml","SUBSCRIPTION INCOME","511190","420","420",NA,NA
"https://nccs-efile.s3.us-east-1.amazonaws.com/xml/201731329349305748","330068552","PUBLISHERS MARKETING ASSOCIATION","2015","990","https://nccs-efile.s3.us-east-1.amazonaws.com/xml/201731329349305748_public.xml","NEW PROGRAM REVENUE","900099","380","380",NA,NA
"https://nccs-efile.s3.us-east-1.amazonaws.com/xml/201812579349300846","610385445","WINCHESTER COUNTRY CLUB INC","2016","990","https://nccs-efile.s3.us-east-1.amazonaws.com/xml/201812579349300846_public.xml","SALE OF SOY BEANS","111000","979",NA,NA,"979"
"https://nccs-efile.s3.us-east-1.amazonaws.com/xml/201701299349303120","226074475","NEW JERSEY STATE BAR FOUNDATION","2015","990","https://nccs-efile.s3.us-east-1.amazonaws.com/xml/201701299349303120_public.xml","AWARD DINNER","900099","2700",NA,"2700",NA
"https://nccs-efile.s3.us-east-1.amazonaws.com/xml/201843169349301654","510225010","EPILEPSY FOUNDATION OF GREATER","2017","990","https://nccs-efile.s3.us-east-1.amazonaws.com/xml/201843169349301654_public.xml","EPILEPSY FOUNDATION OF SO IL",NA,"25080",NA,"25080",NA
"https://nccs-efile.s3.us-east-1.amazonaws.com/xml/201843169349301654","510225010","EPILEPSY FOUNDATION OF GREATER","2017","990","https://nccs-efile.s3.us-east-1.amazonaws.com/xml/201843169349301654_public.xml","MISCELLANEOUS",NA,"869",NA,"869",NA
"https://nccs-efile.s3.us-east-1.amazonaws.com/xml/201501349349306425","141629449","CATSKILL MOUNTAIN HOUSING","2013","990","https://nccs-efile.s3.us-east-1.amazonaws.com/xml/201501349349306425_public.xml","OTHER INCOME",NA,"2036",NA,"2036",NA
"https://nccs-efile.s3.us-east-1.amazonaws.com/xml/201712229349301261","562333973","travelers rest housing development fund","2016","990","https://nccs-efile.s3.us-east-1.amazonaws.com/xml/201712229349301261_public.xml","miscellaneous","531110","293","293",NA,NA
"https://nccs-efile.s3.us-east-1.amazonaws.com/xml/201622479349300502","561854120","HABITAT FOR HUMANITY MACON JACKSON NC","2015","990","https://nccs-efile.s3.us-east-1.amazonaws.com/xml/201622479349300502_public.xml","RESALE STORE","452000","439316","439316",NA,NA
"https://nccs-efile.s3.us-east-1.amazonaws.com/xml/201901549349300920","204324040","STEAMBOAT SPRINGS FREE SUMMER CONCERT","2018","990","https://nccs-efile.s3.us-east-1.amazonaws.com/xml/201901549349300920_public.xml","MISCELLANEOUS INCOME","900099","4812",NA,"4812",NA
"https://nccs-efile.s3.us-east-1.amazonaws.com/xml/201723189349301202","204981328","Harry and Jeanette Weinberg Gardens","2016","990","https://nccs-efile.s3.us-east-1.amazonaws.com/xml/201723189349301202_public.xml","Laundry & Vending","531390","1586",NA,"1586",NA
"https://nccs-efile.s3.us-east-1.amazonaws.com/xml/201723189349301202","204981328","Harry and Jeanette Weinberg Gardens","2016","990","https://nccs-efile.s3.us-east-1.amazonaws.com/xml/201723189349301202_public.xml","Miscellaneous","900099","767",NA,"767",NA
"https://nccs-efile.s3.us-east-1.amazonaws.com/xml/202020309349301557","411421527","FOGERTY ICE ARENA THE ICE HOUSE","2018","990","https://nccs-efile.s3.us-east-1.amazonaws.com/xml/202020309349301557_public.xml","SPONSORSHIPS",NA,"66763","66763",NA,NA
"https://nccs-efile.s3.us-east-1.amazonaws.com/xml/202020309349301557","411421527","FOGERTY ICE ARENA THE ICE HOUSE","2018","990","https://nccs-efile.s3.us-east-1.amazonaws.com/xml/202020309349301557_public.xml","MISCELLANEOUS INCOME",NA,"57045","57045",NA,NA
"https://nccs-efile.s3.us-east-1.amazonaws.com/xml/201833029349301768","460656106","WEOWNTV","2017","990","https://nccs-efile.s3.us-east-1.amazonaws.com/xml/201833029349301768_public.xml","Honoraria",NA,NA,NA,NA,NA
"https://nccs-efile.s3.us-east-1.amazonaws.com/xml/201833029349301768","460656106","WEOWNTV","2017","990","https://nccs-efile.s3.us-east-1.amazonaws.com/xml/201833029349301768_public.xml","Miscellaneous",NA,NA,NA,NA,NA
"https://nccs-efile.s3.us-east-1.amazonaws.com/xml/201701539349300835","593829222","THE BRIDGE LINE","2016","990","https://nccs-efile.s3.us-east-1.amazonaws.com/xml/201701539349300835_public.xml","RENTAL INCOME","623990","31788",NA,"31788",NA
"https://nccs-efile.s3.us-east-1.amazonaws.com/xml/201701539349300835","593829222","THE BRIDGE LINE","2016","990","https://nccs-efile.s3.us-east-1.amazonaws.com/xml/201701539349300835_public.xml","FUNDRAISING EVENTS",NA,"3310","3310",NA,NA
"https://nccs-efile.s3.us-east-1.amazonaws.com/xml/201701539349300835","593829222","THE BRIDGE LINE","2016","990","https://nccs-efile.s3.us-east-1.amazonaws.com/xml/201701539349300835_public.xml","OTHER INCOME",NA,"833",NA,"833",NA
"https://nccs-efile.s3.us-east-1.amazonaws.com/xml/201821799349300877","237174193","SUNCOAST HUMANE SOCIETY INC","2017","990","https://nccs-efile.s3.us-east-1.amazonaws.com/xml/201821799349300877_public.xml","Calendar Income",NA,"25626",NA,"25626",NA
"https://nccs-efile.s3.us-east-1.amazonaws.com/xml/201821799349300877","237174193","SUNCOAST HUMANE SOCIETY INC","2017","990","https://nccs-efile.s3.us-east-1.amazonaws.com/xml/201821799349300877_public.xml","Critter Banks",NA,"11985",NA,"11985",NA
"https://nccs-efile.s3.us-east-1.amazonaws.com/xml/201821799349300877","237174193","SUNCOAST HUMANE SOCIETY INC","2017","990","https://nccs-efile.s3.us-east-1.amazonaws.com/xml/201821799349300877_public.xml","Luncheon",NA,"3203",NA,"3203",NA
"https://nccs-efile.s3.us-east-1.amazonaws.com/xml/201812219349300446","141570047","THE NEXT STEP INC","2017","990","https://nccs-efile.s3.us-east-1.amazonaws.com/xml/201812219349300446_public.xml","OTHER- SALES TAX REFUN","900099","4906","4906",NA,NA
"https://nccs-efile.s3.us-east-1.amazonaws.com/xml/201602509349300205","341460231","United Church Residences of Canal Winchester","2015","990","https://nccs-efile.s3.us-east-1.amazonaws.com/xml/201602509349300205_public.xml","Laundry/Vending Revenue","531110","1136","1136",NA,NA
"https://nccs-efile.s3.us-east-1.amazonaws.com/xml/201701999349301030","261879659","BOTH HANDS FOUNDATION","2016","990","https://nccs-efile.s3.us-east-1.amazonaws.com/xml/201701999349301030_public.xml","SALES OF PROMOTIONAL I","900099","2118","2118",NA,NA
"https://nccs-efile.s3.us-east-1.amazonaws.com/xml/201512259349302671","237354957","ESSEX AMATEUR HOCKEY ASSOCIATION INC","2014","990","https://nccs-efile.s3.us-east-1.amazonaws.com/xml/201512259349302671_public.xml","JERSEY SALES","900099","7266",NA,"7266",NA
"https://nccs-efile.s3.us-east-1.amazonaws.com/xml/201512259349302671","237354957","ESSEX AMATEUR HOCKEY ASSOCIATION INC","2014","990","https://nccs-efile.s3.us-east-1.amazonaws.com/xml/201512259349302671_public.xml","ADVERTISING","900099","1860",NA,"1860",NA
"https://nccs-efile.s3.us-east-1.amazonaws.com/xml/201903199349301860","341794156","Electrolux VEBA for Collectively Barg","2018","990","https://nccs-efile.s3.us-east-1.amazonaws.com/xml/201903199349301860_public.xml","FOREIGN CURRENCY GAIN/LOSS","900099","473564",NA,"473564",NA
"https://nccs-efile.s3.us-east-1.amazonaws.com/xml/201903199349301860","341794156","Electrolux VEBA for Collectively Barg","2018","990","https://nccs-efile.s3.us-east-1.amazonaws.com/xml/201903199349301860_public.xml","CONSENT FEE INCOME","900099","5449",NA,"5449",NA
"https://nccs-efile.s3.us-east-1.amazonaws.com/xml/201903199349301860","341794156","Electrolux VEBA for Collectively Barg","2018","990","https://nccs-efile.s3.us-east-1.amazonaws.com/xml/201903199349301860_public.xml","MISCELLANEOUS","900099","2153",NA,"2153",NA
"https://nccs-efile.s3.us-east-1.amazonaws.com/xml/201823169349300647","841531749","HELP INTERNATIONAL","2017","990","https://nccs-efile.s3.us-east-1.amazonaws.com/xml/201823169349300647_public.xml","PTR/S CORP GROSS INCOME",NA,"-305","-305",NA,NA
"https://nccs-efile.s3.us-east-1.amazonaws.com/xml/201813189349312611","440606356","CONSERVATION FEDERATION OF MISSOURI","2017","990","https://nccs-efile.s3.us-east-1.amazonaws.com/xml/201813189349312611_public.xml","ADMINISTRATIVE FEES",NA,"10000",NA,"10000",NA
"https://nccs-efile.s3.us-east-1.amazonaws.com/xml/201813189349312611","440606356","CONSERVATION FEDERATION OF MISSOURI","2017","990","https://nccs-efile.s3.us-east-1.amazonaws.com/xml/201813189349312611_public.xml","ADVERTISING","900099","6494",NA,NA,"6494"
"https://nccs-efile.s3.us-east-1.amazonaws.com/xml/201813189349312611","440606356","CONSERVATION FEDERATION OF MISSOURI","2017","990","https://nccs-efile.s3.us-east-1.amazonaws.com/xml/201813189349312611_public.xml","MISCELLANEOUS",NA,"3100",NA,"3100",NA
"https://nccs-efile.s3.us-east-1.amazonaws.com/xml/201612469349300721","850247473","SAFE HOUSE INC","2015","990","https://nccs-efile.s3.us-east-1.amazonaws.com/xml/201612469349300721_public.xml","MISCELLANEOUS",NA,"84","84",NA,NA
"https://nccs-efile.s3.us-east-1.amazonaws.com/xml/201442829349300704","521272309","VIRGINIA AQUARIUM & MARINE SCIENCE CENTER FDN","2013","990","https://nccs-efile.s3.us-east-1.amazonaws.com/xml/201442829349300704_public.xml","RESTAURANT INCOME","722210","142716",NA,"142716",NA
"https://nccs-efile.s3.us-east-1.amazonaws.com/xml/201442829349300704","521272309","VIRGINIA AQUARIUM & MARINE SCIENCE CENTER FDN","2013","990","https://nccs-efile.s3.us-east-1.amazonaws.com/xml/201442829349300704_public.xml","PHOTO CONCESSIONS","900099","227249",NA,"227249",NA
"https://nccs-efile.s3.us-east-1.amazonaws.com/xml/201442829349300704","521272309","VIRGINIA AQUARIUM & MARINE SCIENCE CENTER FDN","2013","990","https://nccs-efile.s3.us-east-1.amazonaws.com/xml/201442829349300704_public.xml","OTHER INCOME","900099","200",NA,"200",NA
"https://nccs-efile.s3.us-east-1.amazonaws.com/xml/201632639349300518","251447936","JEFFERSON COUNTY DEVELOPMENT","2015","990","https://nccs-efile.s3.us-east-1.amazonaws.com/xml/201632639349300518_public.xml","LATE FEES & MISC",NA,"2013","2013",NA,NA
"https://nccs-efile.s3.us-east-1.amazonaws.com/xml/201831289349300208","460576685","AMANI Institute","2017","990","https://nccs-efile.s3.us-east-1.amazonaws.com/xml/201831289349300208_public.xml","Miscellaneous Income","900099","5498",NA,"5498",NA
"https://nccs-efile.s3.us-east-1.amazonaws.com/xml/201721299349301122","411304845","BRANCH 28 BUILDING CORPORATION","2016","990","https://nccs-efile.s3.us-east-1.amazonaws.com/xml/201721299349301122_public.xml","CONTRIBUTION","532000","246",NA,"246",NA
"https://nccs-efile.s3.us-east-1.amazonaws.com/xml/201721299349301122","411304845","BRANCH 28 BUILDING CORPORATION","2016","990","https://nccs-efile.s3.us-east-1.amazonaws.com/xml/201721299349301122_public.xml","REIMBURSEMENTS","532000","404",NA,"404",NA
"https://nccs-efile.s3.us-east-1.amazonaws.com/xml/201721299349301122","411304845","BRANCH 28 BUILDING CORPORATION","2016","990","https://nccs-efile.s3.us-east-1.amazonaws.com/xml/201721299349301122_public.xml","HALL RENTAL","532000","4075",NA,"4075",NA
"https://nccs-efile.s3.us-east-1.amazonaws.com/xml/201700379349300510","042921507","NORTH AMERICAN FAMILY INSTITUTE INC","2015","990","https://nccs-efile.s3.us-east-1.amazonaws.com/xml/201700379349300510_public.xml","MISCELLANEOUS","900099","3725","3725",NA,NA
"https://nccs-efile.s3.us-east-1.amazonaws.com/xml/201612729349300806","161025787","ITHACARE CENTER SERVICE COMPANY INC","2015","990","https://nccs-efile.s3.us-east-1.amazonaws.com/xml/201612729349300806_public.xml","MISCELLANEOUS","900099","33740","33740",NA,NA
"https://nccs-efile.s3.us-east-1.amazonaws.com/xml/202000169349301010","371290661","CHILDREN'S ADVOCACY RENEWAL AND","2018","990","https://nccs-efile.s3.us-east-1.amazonaws.com/xml/202000169349301010_public.xml","PROPERTY TAX","900099","26967","26967",NA,NA
"https://nccs-efile.s3.us-east-1.amazonaws.com/xml/202000169349301010","371290661","CHILDREN'S ADVOCACY RENEWAL AND","2018","990","https://nccs-efile.s3.us-east-1.amazonaws.com/xml/202000169349301010_public.xml","OTHER","900099","580","580",NA,NA
"https://nccs-efile.s3.us-east-1.amazonaws.com/xml/202001709349301520","330563781","Orange County Conservation Corps","2018","990","https://nccs-efile.s3.us-east-1.amazonaws.com/xml/202001709349301520_public.xml","Miscellaneous","900099","81950",NA,"81950",NA
"https://nccs-efile.s3.us-east-1.amazonaws.com/xml/201532959349300408","990316106","PACIFIC TSUNAMI MUSEUM INC","2014","990","https://nccs-efile.s3.us-east-1.amazonaws.com/xml/201532959349300408_public.xml","Other","900099","722","722","0","0"
"https://nccs-efile.s3.us-east-1.amazonaws.com/xml/201600429349300945","560794896","TOM HAGGAI & ASSOCIATES FOUNDATION","2014","990","https://nccs-efile.s3.us-east-1.amazonaws.com/xml/201600429349300945_public.xml","MISCELLANEOUS REVENUE","900099","3000","3000",NA,NA
"https://nccs-efile.s3.us-east-1.amazonaws.com/xml/201821319349302162","412142346","INTERNATIONAL STUDIES CHARTER","2016","990","https://nccs-efile.s3.us-east-1.amazonaws.com/xml/201821319349302162_public.xml","E-RATE","611710","16319","16319",NA,NA
"https://nccs-efile.s3.us-east-1.amazonaws.com/xml/201830659349300048","581852131","Travellers' Rest Historic","2016","990","https://nccs-efile.s3.us-east-1.amazonaws.com/xml/201830659349300048_public.xml","Other Income","900099","673","673",NA,NA
"https://nccs-efile.s3.us-east-1.amazonaws.com/xml/201740399349301204","540758760","POWHATAN SCHOOL INC","2015","990","https://nccs-efile.s3.us-east-1.amazonaws.com/xml/201740399349301204_public.xml","VARIOUS OTHER SOURCES","900099","44555","44555",NA,NA
"https://nccs-efile.s3.us-east-1.amazonaws.com/xml/201943169349302214","141407718","HUDSON RIVER COMMUNITY CREDIT UNION","2018","990","https://nccs-efile.s3.us-east-1.amazonaws.com/xml/201943169349302214_public.xml","FEE INCOME","522100","2973716","2973716",NA,NA
"https://nccs-efile.s3.us-east-1.amazonaws.com/xml/201943169349302214","141407718","HUDSON RIVER COMMUNITY CREDIT UNION","2018","990","https://nccs-efile.s3.us-east-1.amazonaws.com/xml/201943169349302214_public.xml","OTHER OPERATING INCOME","522100","2068697","1991769",NA,"76928"
"https://nccs-efile.s3.us-east-1.amazonaws.com/xml/201943169349302214","141407718","HUDSON RIVER COMMUNITY CREDIT UNION","2018","990","https://nccs-efile.s3.us-east-1.amazonaws.com/xml/201943169349302214_public.xml","NON-MEMBER ATM FEES","522100","44389",NA,NA,"44389"
"https://nccs-efile.s3.us-east-1.amazonaws.com/xml/201921339349306832","420680308","Mercy Medical Center - Centerville","2017","990","https://nccs-efile.s3.us-east-1.amazonaws.com/xml/201921339349306832_public.xml","Cafeteria","722100","50730","0","50730","0"
"https://nccs-efile.s3.us-east-1.amazonaws.com/xml/201921339349306832","420680308","Mercy Medical Center - Centerville","2017","990","https://nccs-efile.s3.us-east-1.amazonaws.com/xml/201921339349306832_public.xml","Other Program Service Revenue","900099","58798","0","58798","0"
"https://nccs-efile.s3.us-east-1.amazonaws.com/xml/201921339349306832","420680308","Mercy Medical Center - Centerville","2017","990","https://nccs-efile.s3.us-east-1.amazonaws.com/xml/201921339349306832_public.xml","Intercompany Transactions","900099","47544","0","47544","0"
