"OBJECT_ID","EIN","NAME","TAXYR","FORMTYPE","URL","SG_01_FUNDRAISER_ACT","SG_01_FUNDRAISER_CTRL_FUND_X","SG_01_FUNDRAISER_ACT_GRORCPT","SG_01_FUNDRAISER_AMT_PAID","SG_01_FUNDRAISER_AMT_ORG","SG_01_FUNDRAISER_NAME_ORG_L1","SG_01_FUNDRAISER_ADDR_L1","SG_01_FUNDRAISER_ADDR_CITY","SG_01_FUNDRAISER_ADDR_STATE","SG_01_FUNDRAISER_ADDR_ZIP","SG_01_FUNDRAISER_NAME_INDIV","SG_01_FUNDRAISER_ADDR_L2"
"https://nccs-efile.s3.us-east-1.amazonaws.com/xml/201941339349204554","330968096","FRIENDS OF COLORADO LAGOON","2018","990EZ","https://nccs-efile.s3.us-east-1.amazonaws.com/xml/201941339349204554_public.xml","EDUCATION PROGRAM RELATED TO THE ENDANGERED SALT MARSH BIRD'","0","39572","0","39572","BIRD BEAK","6475 E PACIFIC COAST HWY 252","LONG BEACH","CA","90803",NA,NA
"https://nccs-efile.s3.us-east-1.amazonaws.com/xml/201933199349315533","800305723","Teneo Inc","2018","990","https://nccs-efile.s3.us-east-1.amazonaws.com/xml/201933199349315533_public.xml","General consulting","0","0","80433","0","American Philanthropic","119 N High St","West Chester","PA","19380",NA,NA
"https://nccs-efile.s3.us-east-1.amazonaws.com/xml/201911899349300706","237586136","FRATERNAL ORDER OF POLICE","2018","990","https://nccs-efile.s3.us-east-1.amazonaws.com/xml/201911899349300706_public.xml","SOLICIATIO","false","140104","77579","62525",NA,"2439 S BROAD STREET","PHILADELPHIA","PA","19148","CIVIC AWARENESS INC",NA
"https://nccs-efile.s3.us-east-1.amazonaws.com/xml/201923129349302492","540600387","HAMPTON ROADS ECONOMIC","2018","990","https://nccs-efile.s3.us-east-1.amazonaws.com/xml/201923129349302492_public.xml","CAMPAIGN MANAGEMENT","0","0","49000","-49000","CONVERGENT NONPROFIT SOLUTIONS","2451 CUMBERLAND PARKWAY SUITE 367","ATLANTA","GA","30339",NA,NA
"https://nccs-efile.s3.us-east-1.amazonaws.com/xml/201933319349301118","416038611","WEST CENTRAL MN EDUC TELEVISION","2018","990","https://nccs-efile.s3.us-east-1.amazonaws.com/xml/201933319349301118_public.xml","CAPTL CAMP","false","176570","15398","161172","KATRINA LYNN LLC","PO BOX 722","SAUK RAPIDS","MN","56379",NA,NA
"https://nccs-efile.s3.us-east-1.amazonaws.com/xml/201901299349301570","464014810","Quality Education Services of MN Inc","2018","990","https://nccs-efile.s3.us-east-1.amazonaws.com/xml/201901299349301570_public.xml","Consults on Grant writing and fundrasing","0","86200","15173","71027","Mission360 Consulting LLC","1211 Summit Ave","Saint Paul","MN","55105",NA,NA
"https://nccs-efile.s3.us-east-1.amazonaws.com/xml/201912979349300821","510181688","COMMUNITY HEALTH NETWORK FOUNDATION","2018","990","https://nccs-efile.s3.us-east-1.amazonaws.com/xml/201912979349300821_public.xml","STRGY/MAIL","false","537198","331029","206169",NA,"5151 BELT LINE ROAD SUITE 900","DALLAS","TX","75254","THE PURSUANT GROUP",NA
"https://nccs-efile.s3.us-east-1.amazonaws.com/xml/202020459349301302","811652178","MT CARMEL VETERANS SERVICE CENTER","2018","990","https://nccs-efile.s3.us-east-1.amazonaws.com/xml/202020459349301302_public.xml","GRANT WRITING","0","400000","19460","380540",NA,"4905 LANGDALE WAY","COLORADO SPRINGS","CO","80906",NA,NA
"https://nccs-efile.s3.us-east-1.amazonaws.com/xml/202020459349301302","811652178","MT CARMEL VETERANS SERVICE CENTER","2018","990","https://nccs-efile.s3.us-east-1.amazonaws.com/xml/202020459349301302_public.xml","GRANT WRITING","0","368944","28569","340375",NA,"7990 CR 10","LAS ANIMAS","CO","81054","ALISHA HALL",NA
"https://nccs-efile.s3.us-east-1.amazonaws.com/xml/202020459349301302","811652178","MT CARMEL VETERANS SERVICE CENTER","2018","990","https://nccs-efile.s3.us-east-1.amazonaws.com/xml/202020459349301302_public.xml","GRANT WRITING","0","44000","27760","16240",NA,"916 TENDERFOOT HILL ROAD","COLORADO SPRINGS","CO","80906","DENISE PATRICK",NA
"https://nccs-efile.s3.us-east-1.amazonaws.com/xml/202001969349304280","942998528","ALTO INTERNATIONAL SCHOOL","2018","990","https://nccs-efile.s3.us-east-1.amazonaws.com/xml/202001969349304280_public.xml","MAIL SOLICITATIONS, INTERNET AND EMAIL, PHONE, IN PERSON, SP","0","525362","16458","508904","KAREN RIZKALLA","1925 HELEN CT","LOS ALTOS","CA","94024",NA,NA
"https://nccs-efile.s3.us-east-1.amazonaws.com/xml/202032309349301338","900054984","CAPE COD HEALTHCARE INC & AFFILIATES","2018","990","https://nccs-efile.s3.us-east-1.amazonaws.com/xml/202032309349301338_public.xml","DIRECT MAIL","false","221719","56538","165181",NA,"503 BROWN COUNTY 19N","ABERDEEN","SD","57401","Borns GroupVDM",NA
"https://nccs-efile.s3.us-east-1.amazonaws.com/xml/202032309349301338","900054984","CAPE COD HEALTHCARE INC & AFFILIATES","2018","990","https://nccs-efile.s3.us-east-1.amazonaws.com/xml/202032309349301338_public.xml","Direct Mail","false","27465","13893","13572",NA,"78 RIVER ROAD SOUTH","PUTNEY","VT","05346","Five Maples",NA
"https://nccs-efile.s3.us-east-1.amazonaws.com/xml/201942249349300724","232660344","GREATER EASTON DEVELOPMENT PARTNERSHIP","2018","990","https://nccs-efile.s3.us-east-1.amazonaws.com/xml/201942249349300724_public.xml","CONTRIBUTIONS","false","143782","31632","112150","MOSS HERCIK LLC",NA,NA,NA,NA,NA,NA
"https://nccs-efile.s3.us-east-1.amazonaws.com/xml/201912359349301101","251313958","SUSQUE-VIEW HOME INC","2018","990","https://nccs-efile.s3.us-east-1.amazonaws.com/xml/201912359349301101_public.xml","FUNDRAISER","true","35657","60000","-24343",NA,"350 PINE STREET","BELLEFONTE","PA","16823","ABLE FUNDRAISING CONSULTATION",NA
"https://nccs-efile.s3.us-east-1.amazonaws.com/xml/201941359349202464","161275434","FRATERNAL ORDER OF POLICE 1 OSWEGO COUNTY LODGE","2018","990EZ","https://nccs-efile.s3.us-east-1.amazonaws.com/xml/201941359349202464_public.xml","PRODUCED AN ADVERTISING BOOKLET","false","8723","6040","2683","SPOTLIGHT MUSIC PRODUCTIONS","820 HAMILTON AVE","WATERBURY","CT","06780",NA,NA
"https://nccs-efile.s3.us-east-1.amazonaws.com/xml/201922189349200812","452781053","ADAM CRAIG FOUNDATION","2018","990EZ","https://nccs-efile.s3.us-east-1.amazonaws.com/xml/201922189349200812_public.xml",NA,"true","1500",NA,"1500",NA,NA,NA,NA,NA,NA,NA
"https://nccs-efile.s3.us-east-1.amazonaws.com/xml/201922189349200812","452781053","ADAM CRAIG FOUNDATION","2018","990EZ","https://nccs-efile.s3.us-east-1.amazonaws.com/xml/201922189349200812_public.xml",NA,"true","1500",NA,"1500",NA,NA,NA,NA,NA,NA,NA
"https://nccs-efile.s3.us-east-1.amazonaws.com/xml/201922189349200812","452781053","ADAM CRAIG FOUNDATION","2018","990EZ","https://nccs-efile.s3.us-east-1.amazonaws.com/xml/201922189349200812_public.xml",NA,NA,"300",NA,"300",NA,NA,NA,NA,NA,NA,NA
"https://nccs-efile.s3.us-east-1.amazonaws.com/xml/201922189349200812","452781053","ADAM CRAIG FOUNDATION","2018","990EZ","https://nccs-efile.s3.us-east-1.amazonaws.com/xml/201922189349200812_public.xml",NA,"true","3500",NA,"3500",NA,NA,NA,NA,NA,NA,NA
"https://nccs-efile.s3.us-east-1.amazonaws.com/xml/201922189349200812","452781053","ADAM CRAIG FOUNDATION","2018","990EZ","https://nccs-efile.s3.us-east-1.amazonaws.com/xml/201922189349200812_public.xml",NA,"true","2200",NA,"2200",NA,NA,NA,NA,NA,NA,NA
"https://nccs-efile.s3.us-east-1.amazonaws.com/xml/201922189349200812","452781053","ADAM CRAIG FOUNDATION","2018","990EZ","https://nccs-efile.s3.us-east-1.amazonaws.com/xml/201922189349200812_public.xml",NA,"true","300",NA,"300",NA,NA,NA,NA,NA,"DAVE SEAUNIER",NA
"https://nccs-efile.s3.us-east-1.amazonaws.com/xml/201922189349200812","452781053","ADAM CRAIG FOUNDATION","2018","990EZ","https://nccs-efile.s3.us-east-1.amazonaws.com/xml/201922189349200812_public.xml",NA,"true","300",NA,"300",NA,NA,NA,NA,NA,"BOB AND BEV SEAUNIER",NA
"https://nccs-efile.s3.us-east-1.amazonaws.com/xml/201922189349200812","452781053","ADAM CRAIG FOUNDATION","2018","990EZ","https://nccs-efile.s3.us-east-1.amazonaws.com/xml/201922189349200812_public.xml",NA,"true","1500",NA,"1500",NA,NA,NA,NA,NA,"LONNIE CLARK",NA
"https://nccs-efile.s3.us-east-1.amazonaws.com/xml/201922189349200812","452781053","ADAM CRAIG FOUNDATION","2018","990EZ","https://nccs-efile.s3.us-east-1.amazonaws.com/xml/201922189349200812_public.xml",NA,"true","5000",NA,"5000",NA,NA,NA,NA,NA,NA,NA
"https://nccs-efile.s3.us-east-1.amazonaws.com/xml/201922189349200812","452781053","ADAM CRAIG FOUNDATION","2018","990EZ","https://nccs-efile.s3.us-east-1.amazonaws.com/xml/201922189349200812_public.xml",NA,"true","1200",NA,"1200",NA,NA,NA,NA,NA,NA,NA
"https://nccs-efile.s3.us-east-1.amazonaws.com/xml/202020739349301412","462229395","ADT KIDS DENTAL SERVICES PA","2018","990","https://nccs-efile.s3.us-east-1.amazonaws.com/xml/202020739349301412_public.xml","FUNDRSG","false","17594","17594",NA,"AMPLIFY DMC LLC","1375 ST ANTHONY AVENUE 201","ST PAUL","MN","55104",NA,NA
"https://nccs-efile.s3.us-east-1.amazonaws.com/xml/202041919349302864","770155782","THE GLOBAL FUND FOR WOMEN INC","2018","990","https://nccs-efile.s3.us-east-1.amazonaws.com/xml/202041919349302864_public.xml","FUNDRAISING ADVISER","0","0","36447","-36447","BENEFACTOR GROUP","450 S FRONT ST","COLUMBUS","OH","43215",NA,NA
"https://nccs-efile.s3.us-east-1.amazonaws.com/xml/202041919349302864","770155782","THE GLOBAL FUND FOR WOMEN INC","2018","990","https://nccs-efile.s3.us-east-1.amazonaws.com/xml/202041919349302864_public.xml","ONLINE FUNDRAISING ADVISER","0","0","29353","-29353","FRESH EYES DIGITAL","2821 N SPAULDING AVE","CHICAGO","IL","60618",NA,NA
"https://nccs-efile.s3.us-east-1.amazonaws.com/xml/202041919349302864","770155782","THE GLOBAL FUND FOR WOMEN INC","2018","990","https://nccs-efile.s3.us-east-1.amazonaws.com/xml/202041919349302864_public.xml","DEVELOPMENT WRITER","0","0","37535","-37535","MARY MAGELLAN","1000 GREEN ST APT 201","SAN FRANCISCO","CA","94133",NA,NA
"https://nccs-efile.s3.us-east-1.amazonaws.com/xml/202041919349302864","770155782","THE GLOBAL FUND FOR WOMEN INC","2018","990","https://nccs-efile.s3.us-east-1.amazonaws.com/xml/202041919349302864_public.xml","DIRECT MAIL CONSULTANT","0","0","12600","-12600","TRIPI CONSULTING ASSOCIATES INC","255 PLUTARCH RD","HIGHLAND","NY","12528",NA,NA
"https://nccs-efile.s3.us-east-1.amazonaws.com/xml/201902619349300500","593786428","Humane Society Legislative Fund","2018","990","https://nccs-efile.s3.us-east-1.amazonaws.com/xml/201902619349300500_public.xml","FUNDRAISING CONSULTANTS","false","11478","12494","-1016","DONOR SERVICES GROUP LLC","11500 OLYMPIC BLVD 540","LOS ANGELES","CA","90064",NA,NA
"https://nccs-efile.s3.us-east-1.amazonaws.com/xml/201902619349300500","593786428","Humane Society Legislative Fund","2018","990","https://nccs-efile.s3.us-east-1.amazonaws.com/xml/201902619349300500_public.xml","FUNDRAISING CONSULTANTS","false","1614000","227013","1386987","AB DATA LTD","600 AB DATA DRIVE","MILWAUKEE","WI","53217",NA,NA
"https://nccs-efile.s3.us-east-1.amazonaws.com/xml/202040849349300734","410695524","GUSTAVUS ADOLPHUS COLLEGE","2018","990","https://nccs-efile.s3.us-east-1.amazonaws.com/xml/202040849349300734_public.xml","Advancement Consultant","0","0","67420","-67420","Reeher LLC","VB Box 159 PO Box 9202","Minneapolis","MN","554809202",NA,NA
"https://nccs-efile.s3.us-east-1.amazonaws.com/xml/202040849349300734","410695524","GUSTAVUS ADOLPHUS COLLEGE","2018","990","https://nccs-efile.s3.us-east-1.amazonaws.com/xml/202040849349300734_public.xml","Advancement Consultant","0","0","32913","-32913","Bentz Whaley Flessner and Associates Inc","7251 Ohms Lane","Minneapolis","MN","55439",NA,NA
"https://nccs-efile.s3.us-east-1.amazonaws.com/xml/202040849349300734","410695524","GUSTAVUS ADOLPHUS COLLEGE","2018","990","https://nccs-efile.s3.us-east-1.amazonaws.com/xml/202040849349300734_public.xml","Software Calling System","0","0","26397","-26397","Wilson-Bennett Technology Inc","PO Box 717","Cabot","AR","72023",NA,NA
"https://nccs-efile.s3.us-east-1.amazonaws.com/xml/202040849349300734","410695524","GUSTAVUS ADOLPHUS COLLEGE","2018","990","https://nccs-efile.s3.us-east-1.amazonaws.com/xml/202040849349300734_public.xml","Lutheran Planned Giving Partnership Fee","0","0","6910","-6910","Evangelical Lutheran Church in America","PO Box 71256","Chicago","IL","606941256",NA,NA
"https://nccs-efile.s3.us-east-1.amazonaws.com/xml/202011059349300316","133179151","One To World Inc","2018","990","https://nccs-efile.s3.us-east-1.amazonaws.com/xml/202011059349300316_public.xml","Annual Benefit","false","592577","45527","547050","Basch Productions LLC","14 East 38th Street Suit","New York","NY","10016",NA,NA
"https://nccs-efile.s3.us-east-1.amazonaws.com/xml/201922519349300202","760267896","Greater Houston Partnership Inc","2018","990","https://nccs-efile.s3.us-east-1.amazonaws.com/xml/201922519349300202_public.xml","PLANNING","false","0","53645","53645",NA,NA,NA,NA,NA,"RESOURCE DEVELOPMENT GROUP",NA
"https://nccs-efile.s3.us-east-1.amazonaws.com/xml/201923189349310917","262369596","RepresentUs","2018","990","https://nccs-efile.s3.us-east-1.amazonaws.com/xml/201923189349310917_public.xml","Provided advertising and promotion","true","150702","30131","120571",NA,"5735 W Adams Blvd","Los Angeles","CA","90016","Omaze Inc",NA
"https://nccs-efile.s3.us-east-1.amazonaws.com/xml/202021769349300232","951648203","UNITED CEREBRAL PALSYSPASTIC CHILDRENS","2018","990","https://nccs-efile.s3.us-east-1.amazonaws.com/xml/202021769349300232_public.xml","GOLF TOURNAMENT FUNDRAISING EVENT","0","384793","33000","351793","KNOCK OUT PRODUCTION INC","21425 DUMETZ ROAD","WOODLAND HILLS","CA","91364",NA,NA
"https://nccs-efile.s3.us-east-1.amazonaws.com/xml/201933059349302113","820675521","PRIORITIES USA FOUNDATION","2018","990","https://nccs-efile.s3.us-east-1.amazonaws.com/xml/201933059349302113_public.xml","FUNDRAISING","0","4000000","67636","3932364","THE KAUFFMAN GROUP","208 EYE ST NE FL 2","WASHINGTON","DC","20002",NA,NA
"https://nccs-efile.s3.us-east-1.amazonaws.com/xml/201923179349301317","261186929","COLUMBIANA RESTORATION AND","2018","990","https://nccs-efile.s3.us-east-1.amazonaws.com/xml/201923179349301317_public.xml","CONSULTING","false",NA,"63000","-63000",NA,"101 LINDEN DR","CINCINNATI","OH","45215","MATT HUGHES",NA
"https://nccs-efile.s3.us-east-1.amazonaws.com/xml/201903179349307205","364187609","LAZARUS HOUSE","2018","990","https://nccs-efile.s3.us-east-1.amazonaws.com/xml/201903179349307205_public.xml","CAPITAL CAMPAIGN CONSULTING, PLANNING AND EXECUTION","0","1599700","81979","1553220","PRATAPAS ASSOCIATES LLC","1717 N NAPER BLVD SUITE 200","NAPERVILLE","IL","60563",NA,NA
"https://nccs-efile.s3.us-east-1.amazonaws.com/xml/202010349349300311","410693889","AMHERST H WILDER FOUNDATION","2018","990","https://nccs-efile.s3.us-east-1.amazonaws.com/xml/202010349349300311_public.xml","GRANT WRITING & REPORTING","0","1045000","33000","1012000","QUALAM CONSULTING","2117 21ST AVENUE S","MINNEAPOLIS","MN","55404",NA,NA
"https://nccs-efile.s3.us-east-1.amazonaws.com/xml/202010349349300311","410693889","AMHERST H WILDER FOUNDATION","2018","990","https://nccs-efile.s3.us-east-1.amazonaws.com/xml/202010349349300311_public.xml","GRANT WRITING","0","19340","4300","15040","ACCESS PHILANTHROPY","2100 STEVENS AVENUE","MINNEAPOLIS","MN","55404",NA,NA
"https://nccs-efile.s3.us-east-1.amazonaws.com/xml/202010349349300311","410693889","AMHERST H WILDER FOUNDATION","2018","990","https://nccs-efile.s3.us-east-1.amazonaws.com/xml/202010349349300311_public.xml","CAMPAIGN PLANNING & DESIGN","0","0","124579","0","CINCINNATUS INC","212 THIRD AVE N 478","MINNEAPOLIS","MN","55401",NA,NA
"https://nccs-efile.s3.us-east-1.amazonaws.com/xml/201901899349300220","221668879","United States Equestrian Team Fdn Inc","2018","990","https://nccs-efile.s3.us-east-1.amazonaws.com/xml/201901899349300220_public.xml","CONSULTING","false","306145","66000","240145",NA,"1819 SE 17th street suite 1","ft lauderdale","FL","33316","NEW RIVER COMMUNICATIONS",NA
"https://nccs-efile.s3.us-east-1.amazonaws.com/xml/201933109349300413","043396766","NEW PROFIT INC","2018","990","https://nccs-efile.s3.us-east-1.amazonaws.com/xml/201933109349300413_public.xml","CONSULTING ON LAUNCHING A FUNDRAISING CAMPAIGN","0","0","270540","-270540","ORR ASSOCIATES INC","3000 K STREET NW SUITE E280","WASHINGTON","DC","20007",NA,NA
"https://nccs-efile.s3.us-east-1.amazonaws.com/xml/202020639349300322","237066616","PURCHASE COLLEGE FOUNDATION INC","2018","990","https://nccs-efile.s3.us-east-1.amazonaws.com/xml/202020639349300322_public.xml","DATABASE REVIEW FOR MAJOR GIFTS","0","0","12725","-12725","MARTS & LUNDY","1200 WALL ST W","LYNDHURST","NJ","07071",NA,NA
"https://nccs-efile.s3.us-east-1.amazonaws.com/xml/202020639349300322","237066616","PURCHASE COLLEGE FOUNDATION INC","2018","990","https://nccs-efile.s3.us-east-1.amazonaws.com/xml/202020639349300322_public.xml","PLANNED GIVING LAUNCH AND MARKETING","0","0","15449","-15449","THE STELTER COMPANY","10435 NEW YORK AVE","DES MOINES","IA","50322",NA,NA
"https://nccs-efile.s3.us-east-1.amazonaws.com/xml/202020639349300322","237066616","PURCHASE COLLEGE FOUNDATION INC","2018","990","https://nccs-efile.s3.us-east-1.amazonaws.com/xml/202020639349300322_public.xml","DIRECT MAIL CAMPAIGN","0","0","48402","-48402","THE TAGS GROUP","364 W 18TH ST 6G","NEW YORK","NY","10011",NA,NA
"https://nccs-efile.s3.us-east-1.amazonaws.com/xml/201912849349302006","521832634","NATIONAL FALLEN FIREFIGHTERS FOUNDATION","2018","990","https://nccs-efile.s3.us-east-1.amazonaws.com/xml/201912849349302006_public.xml","GRANT WRITING","0","15475","11975","3500",NA,"1229 VAN BUREN DRIVE","ANNAPOLIS","MD","21403","TRICIA SANBORN",NA
"https://nccs-efile.s3.us-east-1.amazonaws.com/xml/201913199349318076","465212292","Korean American Community","2018","990","https://nccs-efile.s3.us-east-1.amazonaws.com/xml/201913199349318076_public.xml","Professional Autioneer","false",NA,"5000",NA,NA,NA,NA,NA,NA,"Franco Finn",NA
"https://nccs-efile.s3.us-east-1.amazonaws.com/xml/201913199349318076","465212292","Korean American Community","2018","990","https://nccs-efile.s3.us-east-1.amazonaws.com/xml/201913199349318076_public.xml",NA,"false",NA,NA,NA,NA,NA,NA,NA,NA,NA,NA
"https://nccs-efile.s3.us-east-1.amazonaws.com/xml/201913199349318076","465212292","Korean American Community","2018","990","https://nccs-efile.s3.us-east-1.amazonaws.com/xml/201913199349318076_public.xml",NA,"false",NA,NA,NA,NA,NA,NA,NA,NA,NA,NA
"https://nccs-efile.s3.us-east-1.amazonaws.com/xml/201913199349318076","465212292","Korean American Community","2018","990","https://nccs-efile.s3.us-east-1.amazonaws.com/xml/201913199349318076_public.xml",NA,"false",NA,NA,NA,NA,NA,NA,NA,NA,NA,NA
"https://nccs-efile.s3.us-east-1.amazonaws.com/xml/201913199349318076","465212292","Korean American Community","2018","990","https://nccs-efile.s3.us-east-1.amazonaws.com/xml/201913199349318076_public.xml",NA,"false",NA,NA,NA,NA,NA,NA,NA,NA,NA,NA
"https://nccs-efile.s3.us-east-1.amazonaws.com/xml/202020529349300047","363293534","FEEDING SOUTH DAKOTA","2018","990","https://nccs-efile.s3.us-east-1.amazonaws.com/xml/202020529349300047_public.xml","SOLICITATION OF FUNDS","0","850325","225533","624792","ONE & ALL INC","2 NORTH LAKE AVE SUITE 600","PASADENA","CA","91101",NA,NA
"https://nccs-efile.s3.us-east-1.amazonaws.com/xml/202020529349300047","363293534","FEEDING SOUTH DAKOTA","2018","990","https://nccs-efile.s3.us-east-1.amazonaws.com/xml/202020529349300047_public.xml","SOLICITATION OF FUNDS","0","76230","30822","45408","RKD ALPHA DOG","8001 S 13TH STREET","LINCOLN","NE","68512",NA,NA
"https://nccs-efile.s3.us-east-1.amazonaws.com/xml/201902969349301305","386091187","CHILD EVANGELISM FELLOWSHIP INC","2018","990","https://nccs-efile.s3.us-east-1.amazonaws.com/xml/201902969349301305_public.xml","A & G ABOVE","0","1224421","123413","1101008","TRADEWINDS CONSULTING INC","11914 CRAYTON COURT","HERNDON","VA","20170",NA,NA
"https://nccs-efile.s3.us-east-1.amazonaws.com/xml/201902969349301305","386091187","CHILD EVANGELISM FELLOWSHIP INC","2018","990","https://nccs-efile.s3.us-east-1.amazonaws.com/xml/201902969349301305_public.xml","A, C, D & E ABOVE","0","32258","10000","22258","BARNABAS FOUNDATION","18601 NORTH CREEK DRIVE STE B","TINLEY PARK","IL","604776238",NA,NA
"https://nccs-efile.s3.us-east-1.amazonaws.com/xml/202020289349301527","540737133","FAMILY LIFELINE","2018","990","https://nccs-efile.s3.us-east-1.amazonaws.com/xml/202020289349301527_public.xml","FUNDRAISE","false","868802","63000","805802",NA,"PO BOX 7290","RICHMOND","VA","23221","MONUMENT GROUP",NA
"https://nccs-efile.s3.us-east-1.amazonaws.com/xml/201911979349300426","237208431","CHICANO AWARENESS CENTER INC","2018","990","https://nccs-efile.s3.us-east-1.amazonaws.com/xml/201911979349300426_public.xml","Grant research / writing","false","815912","37500","778412","Victor Gutman & Assoc","300 S 19th St 318","Omaha","NE","68102",NA,NA
"https://nccs-efile.s3.us-east-1.amazonaws.com/xml/202021329349301707","952706737","HELP HOSPITALIZED VETERANS INC","2018","990","https://nccs-efile.s3.us-east-1.amazonaws.com/xml/202021329349301707_public.xml","CONSULTS ON DIRECT MAIL PROGRAM","0","6027692","1427170","4600522","TRUESENSE MARKETING","502 KEYSTONE DRIVE","WARRENDALE","PA","15086",NA,NA
"https://nccs-efile.s3.us-east-1.amazonaws.com/xml/202021329349301707","952706737","HELP HOSPITALIZED VETERANS INC","2018","990","https://nccs-efile.s3.us-east-1.amazonaws.com/xml/202021329349301707_public.xml","CONSULTS ON DIRECT MAIL PROGRAM","0","3200361","1208979","1991382","MAGNET DIRECT","140 WOOD ROAD STE 201","BRAINTREE","MA","02184",NA,NA
"https://nccs-efile.s3.us-east-1.amazonaws.com/xml/202021329349301707","952706737","HELP HOSPITALIZED VETERANS INC","2018","990","https://nccs-efile.s3.us-east-1.amazonaws.com/xml/202021329349301707_public.xml","TELEMARKETING","0","98184","68599","29585","THE HERITAGE COMPANY","2402 WILDWOOD AVENUE STE 500","SHERWOOD","AR","72120",NA,NA
"https://nccs-efile.s3.us-east-1.amazonaws.com/xml/201922119349300132","941156254","BOY SCOUTS OF AMERICA 55 SILICON VALLEY","2018","990","https://nccs-efile.s3.us-east-1.amazonaws.com/xml/201922119349300132_public.xml","DIRECT MAILING","0","21407","0","13927","HAINES & COMPANY","8050 FREEDOM AVENUE NW","NORTH CANTON","OH","44720",NA,NA
"https://nccs-efile.s3.us-east-1.amazonaws.com/xml/202010459349301956","232935929","THE NATIONAL PANCREAS FOUNDATION","2018","990","https://nccs-efile.s3.us-east-1.amazonaws.com/xml/202010459349301956_public.xml","NY, BOSTON, AND NJ PARTY FOR A CURE","0","251877","118068","133809","POWERED BY PROFESSIONALS","1460 BROADWAY","NEW YORK","NY","10036",NA,NA
"https://nccs-efile.s3.us-east-1.amazonaws.com/xml/201903199349311445","260562575","Point Of Hope A Deron Williams Foundation","2018","990","https://nccs-efile.s3.us-east-1.amazonaws.com/xml/201903199349311445_public.xml","EVENT MGMT","false",NA,NA,NA,NA,NA,NA,NA,NA,"LARA BETH LLC",NA
"https://nccs-efile.s3.us-east-1.amazonaws.com/xml/202041359349302529","042103616","PERKINS SCHOOL FOR THE BLIND","2018","990","https://nccs-efile.s3.us-east-1.amazonaws.com/xml/202041359349302529_public.xml","FUNDRAISING COUNSEL","false","0","225027","0",NA,"2550 NINTH STREET","BERKELEY","CA","94710","MAL WARWICK DONORDIGITAL","SUITE 130"
"https://nccs-efile.s3.us-east-1.amazonaws.com/xml/201923199349308062","800273572","AMERICAN VETERANS FOUNDATION","2018","990","https://nccs-efile.s3.us-east-1.amazonaws.com/xml/201923199349308062_public.xml","TELPHONE","false","379473","345295","34178",NA,"1835 E CHARLESTON BLVD 4","LAS VEGAS","NV","89104","DONOR RELATIONS LLC",NA
"https://nccs-efile.s3.us-east-1.amazonaws.com/xml/201923199349308062","800273572","AMERICAN VETERANS FOUNDATION","2018","990","https://nccs-efile.s3.us-east-1.amazonaws.com/xml/201923199349308062_public.xml","TELEPHONE","false","168225","135959","32266",NA,"1706 CROPSEY AVE C","BROOKLYN","NY","11214","QUICK CALL INC",NA
"https://nccs-efile.s3.us-east-1.amazonaws.com/xml/201923199349308062","800273572","AMERICAN VETERANS FOUNDATION","2018","990","https://nccs-efile.s3.us-east-1.amazonaws.com/xml/201923199349308062_public.xml","TELEPHONE","false","40206","35706","4500",NA,"1815 AVENUE U 2","BROOKLYN","NY","11229","BRIEF CALL INC",NA
"https://nccs-efile.s3.us-east-1.amazonaws.com/xml/201923199349308062","800273572","AMERICAN VETERANS FOUNDATION","2018","990","https://nccs-efile.s3.us-east-1.amazonaws.com/xml/201923199349308062_public.xml","TELEPHONE","false","44530","35680","8850",NA,"16527 CRAIG DR","OAK FOREST","IL","60452","SUPPLEMENTAL SECURITY",NA
"https://nccs-efile.s3.us-east-1.amazonaws.com/xml/201923199349308062","800273572","AMERICAN VETERANS FOUNDATION","2018","990","https://nccs-efile.s3.us-east-1.amazonaws.com/xml/201923199349308062_public.xml","TELEPHONE","false","38568","30904","7664",NA,"27 CASWELL ST","NEW BEDFORD","MA","02745","OCEAN MARKETING LLC",NA
"https://nccs-efile.s3.us-east-1.amazonaws.com/xml/201923199349308062","800273572","AMERICAN VETERANS FOUNDATION","2018","990","https://nccs-efile.s3.us-east-1.amazonaws.com/xml/201923199349308062_public.xml","TELEPHONE","false","16300","13040","3260",NA,"411 E CONGRESS PKWY STE B","CRYSTAL LAKE","IL","60014","MIDWEST MARKETING FIRM INC",NA
"https://nccs-efile.s3.us-east-1.amazonaws.com/xml/201923199349308062","800273572","AMERICAN VETERANS FOUNDATION","2018","990","https://nccs-efile.s3.us-east-1.amazonaws.com/xml/201923199349308062_public.xml","TELEPHONE","false","7510","6588","922",NA,"2137 S LOMBARD AVE","CHICAGO","IL","60804","COMMUNITY GUIDE MAGAZINE INC",NA
"https://nccs-efile.s3.us-east-1.amazonaws.com/xml/201923199349308062","800273572","AMERICAN VETERANS FOUNDATION","2018","990","https://nccs-efile.s3.us-east-1.amazonaws.com/xml/201923199349308062_public.xml","TELEPHONE","false","7557","5985","1572",NA,"5184 CALDWELL MILL RD","BIRMINGHAM","AL","35244","CHARITY APPEAL LLC",NA
"https://nccs-efile.s3.us-east-1.amazonaws.com/xml/201902149349301135","911519430","EVERGREENHEALTH FOUNDATION","2018","990","https://nccs-efile.s3.us-east-1.amazonaws.com/xml/201902149349301135_public.xml","ORGANIZED AND MANAGED THE GALA","0","1429498","24000","1405498","TOLO EVENTS INC","2717 WESTERN AVENUE","SEATTLE","WA","98121",NA,NA
"https://nccs-efile.s3.us-east-1.amazonaws.com/xml/202042309349302294","581466516","GOLDEN HARVEST FOOD BANK INC","2018","990","https://nccs-efile.s3.us-east-1.amazonaws.com/xml/202042309349302294_public.xml","DIRECT MAIL FUNDRAISING BOTH ACQUISITION AND CULTIVATION","0","308020","161431","146589","RUSS REID COMPANY","PO BOX 90125","PASADENA","CA","911095125",NA,NA
"https://nccs-efile.s3.us-east-1.amazonaws.com/xml/201912879349300446","751910084","PRESBYTERIAN COMMUNITIES AND SERVICES","2018","990","https://nccs-efile.s3.us-east-1.amazonaws.com/xml/201912879349300446_public.xml","FUNDRAISING CONSULTING","0","0","75000","0","PHILANTHROPIC HORIZONS","3045 LAKESIDE DRIVE","HIGHLAND VILLAGE","TX","75077",NA,NA
"https://nccs-efile.s3.us-east-1.amazonaws.com/xml/201912879349300446","751910084","PRESBYTERIAN COMMUNITIES AND SERVICES","2018","990","https://nccs-efile.s3.us-east-1.amazonaws.com/xml/201912879349300446_public.xml","FUNDRAISING CONSULTING","0","0","7000","0","BRIAN LACY & ASSOCIATES","3122 GANNETT STREET","HOUSTON","TX","77025",NA,NA
"https://nccs-efile.s3.us-east-1.amazonaws.com/xml/201941449349300114","454678325","BRADLEY IMPACT FUND INC","2018","990","https://nccs-efile.s3.us-east-1.amazonaws.com/xml/201941449349300114_public.xml","FUNDRAISING CONSULTING","0","30694","126790","-96096","AMERICAN PHILANTHROPIC","119 N HIGH ST","WEST CHESTER","PA","19380",NA,NA
"https://nccs-efile.s3.us-east-1.amazonaws.com/xml/201943159349303899","131818723","Anti-Defamation League","2018","990","https://nccs-efile.s3.us-east-1.amazonaws.com/xml/201943159349303899_public.xml","FUNDRAISING SERVICES","false","4191516","241511","3950005",NA,"1765 Greensboro Station","McLean","VA","22102","Cvent",NA
"https://nccs-efile.s3.us-east-1.amazonaws.com/xml/202000309349301425","251291634","KEYSTONE PARALYZED VETERANS OF","2018","990","https://nccs-efile.s3.us-east-1.amazonaws.com/xml/202000309349301425_public.xml","STORE","true","1500236","1410222","90014","AMERICAN THRIFT CENTER LLC","1806 HOMEVILLE ROAD","WEST MIFFLIN","PA","15122",NA,NA
"https://nccs-efile.s3.us-east-1.amazonaws.com/xml/201912629349300431","954688657","TAKING THE REINS","2018","990","https://nccs-efile.s3.us-east-1.amazonaws.com/xml/201912629349300431_public.xml","E,F","false","321400","20889","300511","HANKSTER INC","PO BOX 33286","LOS ANGELES","CA","90033",NA,NA
"https://nccs-efile.s3.us-east-1.amazonaws.com/xml/201903189349315755","942607721","SAN FRANCISCO COALITION FOR","2018","990","https://nccs-efile.s3.us-east-1.amazonaws.com/xml/201903189349315755_public.xml","DAY AT THE RACES","false","79550","12912","66638","NICHELLE LYONS","731-B LIGGETT AVENUE","SAN FRANCISCO","CA","94129",NA,NA
"https://nccs-efile.s3.us-east-1.amazonaws.com/xml/202021829349301112","350715530","TRINE UNIVERSITY","2018","990","https://nccs-efile.s3.us-east-1.amazonaws.com/xml/202021829349301112_public.xml","PHONATHON","false",NA,NA,NA,NA,NA,NA,NA,NA,"WILSON BENNETT TECHNOLOGY",NA
"https://nccs-efile.s3.us-east-1.amazonaws.com/xml/201923199349304902","462679662","AMERICAN FREEDOM BUILDERS INC","2018","990","https://nccs-efile.s3.us-east-1.amazonaws.com/xml/201923199349304902_public.xml","FUNDRAISIN","false","112020","18925","93095","CAPITOL PARTNERS LLC","88 E BROAD ST STE 1560","COLUMBUS","OH","43215",NA,NA
"https://nccs-efile.s3.us-east-1.amazonaws.com/xml/202000669349301305","952275044","AFRICAN ENTERPRISE INC","2018","990","https://nccs-efile.s3.us-east-1.amazonaws.com/xml/202000669349301305_public.xml","Monthly mailings to donors","false",NA,"41835","-41835",NA,"19462 Powder Hill PI NE","Poulsbo","WA","98370","Masterworks",NA
"https://nccs-efile.s3.us-east-1.amazonaws.com/xml/202031159349301213","134091062","READ Alliance Inc","2018","990","https://nccs-efile.s3.us-east-1.amazonaws.com/xml/202031159349301213_public.xml","Coordinate","false",NA,NA,NA,NA,NA,NA,NA,NA,"Stetwin Consulting",NA
"https://nccs-efile.s3.us-east-1.amazonaws.com/xml/202011259349301056","043272394","PARENTS FAMILIES & FRIENDS OF LESB-","2018","990","https://nccs-efile.s3.us-east-1.amazonaws.com/xml/202011259349301056_public.xml","EVENT PLAN","false","818928","22500","796428",NA,"2 DARBY COURT","NATICK","MA","01760","MONA B EVENTS",NA
"https://nccs-efile.s3.us-east-1.amazonaws.com/xml/202011259349301056","043272394","PARENTS FAMILIES & FRIENDS OF LESB-","2018","990","https://nccs-efile.s3.us-east-1.amazonaws.com/xml/202011259349301056_public.xml","EVENT PLAN","false","818928","22500","796428",NA,"21 FIELDSTONE LANE","NATICK","MA","01760","NAN IVES EXPERIENTIAL INNOVATION",NA
"https://nccs-efile.s3.us-east-1.amazonaws.com/xml/201941589349300214","050434218","RONALD MCDONALD HOUSE OF PROVIDENCE INC","2018","990","https://nccs-efile.s3.us-east-1.amazonaws.com/xml/201941589349300214_public.xml","Direct Mail","false","271479","168400","103079","DAVINCI DIRECT",NA,NA,NA,NA,NA,NA
"https://nccs-efile.s3.us-east-1.amazonaws.com/xml/201923199349302257","752062015","Children's Medical Center Foundation","2018","990","https://nccs-efile.s3.us-east-1.amazonaws.com/xml/201923199349302257_public.xml","Direct Mail and Consulting services","false","526458","523330","3128","RKD GROUP INC","3400 Waterview Pkwy Ste 250","Richardson","TX","750801560",NA,NA
"https://nccs-efile.s3.us-east-1.amazonaws.com/xml/202033049349301778","900788707","Palm Beach County Food Bank Inc","2018","990","https://nccs-efile.s3.us-east-1.amazonaws.com/xml/202033049349301778_public.xml","Mail Solicitations","0","645998","314477","331521","Amergent Inc","9 Centennial Drive","Peabody","MA","01960",NA,NA
"https://nccs-efile.s3.us-east-1.amazonaws.com/xml/201912069349300521","396092761","SAINT FRANCIS CHILDRENS CENTER INC","2018","990","https://nccs-efile.s3.us-east-1.amazonaws.com/xml/201912069349300521_public.xml","FUNDRAISING CONSULTING","false",NA,"6688",NA,"LINE BY LYNE CONSULTING","131 WEST WHITE OAK WAY","MEQUON","WI","53092",NA,NA
"https://nccs-efile.s3.us-east-1.amazonaws.com/xml/201923199349311137","990326808","KAPAHULU CENTER","2018","990","https://nccs-efile.s3.us-east-1.amazonaws.com/xml/201923199349311137_public.xml","ANNUAL FUNDRAISER SALE OF CERTIFICATES","0","25927","0","25927","OHIA BAKERY","3410 CAMPBELL AVENUE","HONOLULU","HI","968154103",NA,NA
"https://nccs-efile.s3.us-east-1.amazonaws.com/xml/201923199349311137","990326808","KAPAHULU CENTER","2018","990","https://nccs-efile.s3.us-east-1.amazonaws.com/xml/201923199349311137_public.xml","ANNUAL BON FESTIVAL CELEBRATION","0","15046","0","15046","BON DANCE","3410 CAMPBELL AVENUE","HONOLULU","HI","968154103",NA,NA
"https://nccs-efile.s3.us-east-1.amazonaws.com/xml/201923199349311137","990326808","KAPAHULU CENTER","2018","990","https://nccs-efile.s3.us-east-1.amazonaws.com/xml/201923199349311137_public.xml","SALE OF DONATED ITEMS OPEN TO PUBLIC","0","3510","0","3510","THRIFT SHOP","3410 CAMPBELL AVENUE","HONOLULU","HI","968154103",NA,NA
"https://nccs-efile.s3.us-east-1.amazonaws.com/xml/201923199349311137","990326808","KAPAHULU CENTER","2018","990","https://nccs-efile.s3.us-east-1.amazonaws.com/xml/201923199349311137_public.xml","ANNUAL FUNDRAISER SALE OF CERTIFICATES","0","1743","0","1743","SEE'S CANDY","3410 CAMPBELL AVENUE","HONOLULU","HI","968154103",NA,NA
"https://nccs-efile.s3.us-east-1.amazonaws.com/xml/201923199349311137","990326808","KAPAHULU CENTER","2018","990","https://nccs-efile.s3.us-east-1.amazonaws.com/xml/201923199349311137_public.xml","ANNUAL FUNDRAISER SALE OF HANAFUDA CARDS","0","432","0","432","HAWAII HANAFUDA","3410 CAMPBELL AVENUE","HONOLULU","HI","968154103",NA,NA
"https://nccs-efile.s3.us-east-1.amazonaws.com/xml/201923199349311137","990326808","KAPAHULU CENTER","2018","990","https://nccs-efile.s3.us-east-1.amazonaws.com/xml/201923199349311137_public.xml","ANNUAL SALE OF CRAFTS MADE BY SENIOR MEMBERS","0","219","0","219","SENIOR CENTER CRAFT SALES","3410 CAMPBELL AVENUE","HONOLULU","HI","968154103",NA,NA
"https://nccs-efile.s3.us-east-1.amazonaws.com/xml/202000599349300830","610444650","BEREA COLLEGE","2018","990","https://nccs-efile.s3.us-east-1.amazonaws.com/xml/202000599349300830_public.xml","Amergent, a full-service direct response fundraising agency, provides a variety of services to Berea College including analysis of acquired and existing donor data, strategy for in-house and donor acquisition pieces, management of donor acquisition direct mail and digital efforts, and consultation for in-house digital marketing.","false","91086","514046","-422960","AMERGENT","9 CENTENNIAL DR","PEABODY","MA","01960",NA,NA
"https://nccs-efile.s3.us-east-1.amazonaws.com/xml/202000599349300830","610444650","BEREA COLLEGE","2018","990","https://nccs-efile.s3.us-east-1.amazonaws.com/xml/202000599349300830_public.xml","Research, consulting and management services","false",NA,"22500","-22500","THE ADVISORY BOARD","PO Box 79461","Baltimore","MD","212790461",NA,NA
